-- MySQL Administrator dump 1.4
--
-- ------------------------------------------------------
-- Server version	5.1.41-community


/*!40101 SET @OLD_CHARACTER_SET_CLIENT=@@CHARACTER_SET_CLIENT */;
/*!40101 SET @OLD_CHARACTER_SET_RESULTS=@@CHARACTER_SET_RESULTS */;
/*!40101 SET @OLD_COLLATION_CONNECTION=@@COLLATION_CONNECTION */;
/*!40101 SET NAMES utf8 */;

/*!40014 SET @OLD_UNIQUE_CHECKS=@@UNIQUE_CHECKS, UNIQUE_CHECKS=0 */;
/*!40014 SET @OLD_FOREIGN_KEY_CHECKS=@@FOREIGN_KEY_CHECKS, FOREIGN_KEY_CHECKS=0 */;
/*!40101 SET @OLD_SQL_MODE=@@SQL_MODE, SQL_MODE='NO_AUTO_VALUE_ON_ZERO' */;


--
-- Create schema electronics
--

CREATE DATABASE IF NOT EXISTS electronics;
USE electronics;

--
-- Definition of table `cart`
--

DROP TABLE IF EXISTS `cart`;
CREATE TABLE `cart` (
  `cart_id` int(10) unsigned NOT NULL AUTO_INCREMENT,
  `date_of_formation` datetime NOT NULL,
  `cust_id` int(10) unsigned NOT NULL,
  `total_price` double NOT NULL,
  PRIMARY KEY (`cart_id`) USING BTREE,
  KEY `cust_id` (`cust_id`)
) ENGINE=InnoDB AUTO_INCREMENT=22 DEFAULT CHARSET=utf8;

--
-- Dumping data for table `cart`
--

/*!40000 ALTER TABLE `cart` DISABLE KEYS */;
INSERT INTO `cart` (`cart_id`,`date_of_formation`,`cust_id`,`total_price`) VALUES 
 (10,'2010-02-19 01:52:26',8,705),
 (11,'2010-02-19 23:02:59',0,678),
 (12,'2010-02-22 15:09:19',27,434),
 (13,'2010-02-22 15:10:39',27,0),
 (15,'2010-02-23 23:33:14',3,39),
 (16,'2010-02-26 18:27:41',3,1578),
 (17,'2010-02-28 19:29:47',0,1903),
 (18,'2010-02-28 19:30:13',0,325),
 (19,'2010-02-28 19:40:25',3,1872);
/*!40000 ALTER TABLE `cart` ENABLE KEYS */;


--
-- Definition of table `cartproducts`
--

DROP TABLE IF EXISTS `cartproducts`;
CREATE TABLE `cartproducts` (
  `cart_id` int(10) unsigned NOT NULL AUTO_INCREMENT,
  `serial_number` int(10) unsigned NOT NULL,
  `amount` int(10) unsigned NOT NULL,
  PRIMARY KEY (`cart_id`,`serial_number`),
  KEY `FK_cartProducts_2` (`serial_number`),
  CONSTRAINT `FK_cartProducts_1` FOREIGN KEY (`cart_id`) REFERENCES `cart` (`cart_id`),
  CONSTRAINT `FK_cartProducts_2` FOREIGN KEY (`serial_number`) REFERENCES `product` (`serial_number`)
) ENGINE=InnoDB AUTO_INCREMENT=22 DEFAULT CHARSET=utf8;

--
-- Dumping data for table `cartproducts`
--

/*!40000 ALTER TABLE `cartproducts` DISABLE KEYS */;
INSERT INTO `cartproducts` (`cart_id`,`serial_number`,`amount`) VALUES 
 (10,147648,1),
 (10,316140,1),
 (10,351314,2),
 (10,447059,3),
 (11,599760,1),
 (12,290759,2),
 (12,345855,1),
 (12,370988,1),
 (12,407273,1),
 (15,391606,1),
 (16,361874,1),
 (16,567832,1),
 (17,290759,1),
 (17,345855,1),
 (17,361874,1),
 (17,407273,1),
 (17,567832,1),
 (18,290759,1),
 (18,345855,1),
 (18,407273,1),
 (19,345855,1),
 (19,361874,1),
 (19,391606,1),
 (19,407273,1),
 (19,567832,1);
/*!40000 ALTER TABLE `cartproducts` ENABLE KEYS */;


--
-- Definition of table `category`
--

DROP TABLE IF EXISTS `category`;
CREATE TABLE `category` (
  `category_id` int(10) unsigned NOT NULL AUTO_INCREMENT,
  `name` varchar(45) NOT NULL,
  PRIMARY KEY (`category_id`)
) ENGINE=InnoDB AUTO_INCREMENT=11 DEFAULT CHARSET=utf8;

--
-- Dumping data for table `category`
--

/*!40000 ALTER TABLE `category` DISABLE KEYS */;
INSERT INTO `category` (`category_id`,`name`) VALUES 
 (1,'Υπολογιστές'),
 (2,'Προϊόντα Αναβάθμισης'),
 (3,'Περιφερειακά'),
 (4,'Ήχος και Εικόνα'),
 (5,'Ηλεκτρονικά Παιχνίδια'),
 (6,'Τηλεφωνία'),
 (10,'Νεα Κατηγορία');
/*!40000 ALTER TABLE `category` ENABLE KEYS */;


--
-- Definition of table `characteristics`
--

DROP TABLE IF EXISTS `characteristics`;
CREATE TABLE `characteristics` (
  `name` varchar(45) NOT NULL,
  `id` int(10) unsigned NOT NULL AUTO_INCREMENT,
  PRIMARY KEY (`id`)
) ENGINE=InnoDB AUTO_INCREMENT=162 DEFAULT CHARSET=utf8;

--
-- Dumping data for table `characteristics`
--

/*!40000 ALTER TABLE `characteristics` DISABLE KEYS */;
INSERT INTO `characteristics` (`name`,`id`) VALUES 
 ('Τύπος',1),
 ('Διαστάσεις (ΠxΒxΥ)',2),
 ('Βάρος',3),
 ('Επεξεργαστής',4),
 ('Μνήμη cache',5),
 ('Cache ανά επεξεργαστή',6),
 ('Μνήμη',7),
 ('Ελεγκτής μονάδας αποθήκευσης',8),
 ('Σκληρός δίσκος',9),
 ('Οπτική μονάδα',10),
 ('Οθόνη',11),
 ('Ενσωματωμένος ελεγκτής γραφικών',12),
 ('Έξοδος Ήχου',13),
 ('Δίκτυο',14),
 ('Πηγή τροφοδοσίας',15),
 ('Παρεχόμενο Λειτ.Σύστημα',16),
 ('Προτεινόμενη χρήση',17),
 ('Παρεχόμενο λογισμικό GPS',18),
 ('Δέκτης',19),
 ('Δυνατότητες σύνδεσης',20),
 ('Λειτουργίες /Υπηρεσίες GPS',21),
 ('Eιδοποίηση για κάμερα ελέγχου ταχύτητας',22),
 ('Φωνή',23),
 ('Ενσωματωμένη Οθόνη',24),
 ('Ενσωματωμένη Μνήμη',25),
 ('Υποδοχές',26),
 ('Eνσωματωμένες συσκευές',27),
 ('Μονάδα ανάγνωσης καρτών μνήμης',28),
 ('Κάρτα ασύρματης διασύνδεσης δικτύου',29),
 ('Συσκευή εισόδου',30),
 ('Μπαταρία',31),
 ('Λειτουργικό σύστημα',32),
 ('Τύπος επεξεργαστή',33),
 ('Τεχνολογία πολλαπλών πυρήνων',34),
 ('Αρχιτεκτονική 64-bit',35),
 ('Συμβατό socket επεξεργαστή',36),
 ('Αριθμός επεξεργαστών',37),
 ('Ταχύτητα ρολογιού',38),
 ('Ταχύτητα διαύλου',39),
 ('Τεχνολογία κατασκευής',40),
 ('Συμβατές θύρες',41),
 ('Τάση εξόδου',42),
 ('Παρεχόμενη Ισχύς',43),
 ('Υποδοχή(ές) εξόδου',44),
 ('Συμμόρφωση με τις προδιαγραφές',45),
 ('Προστασία Υπερθέρμανσης',46),
 ('Προστασία Υπέρτασης',47),
 ('Προστασία Υπερφόρτωσης',48),
 ('Προστασία Υπότασης',49),
 ('Χρήση',50),
 ('Tύπος Chipset',51),
 ('Yποστήριξη πολλαπλών πυρήνων',52),
 ('Συμβατοί επεξεργαστές',53),
 ('Διαμόρφωση θυρών USB',54),
 ('Διαμόρφωση θυρών συσκευών αποθήκευσης',55),
 ('Τύπος μνήμης',56),
 ('Αριθμός Dimm',57),
 ('Μέγεθος μνήμης',58),
 ('Ταχύτητα μνήμης',59),
 ('Bandwidth',60),
 ('Τάση τροφοδοσίας',61),
 ('Χρονισμός καθυστέρησης',62),
 ('Τύπος διασύνδεσης',63),
 ('Επεξεργαστής γραφικών',64),
 ('Υποστηριζόμενα ΑPI',65),
 ('Mνήμη Γραφικών',66),
 ('Διασύνδεση ΤV',67),
 ('Συμβατότητα ΗDCP',68),
 ('Μέγιστος αριθμός υποστηριζόμενων οθονών',69),
 ('Συχνότητα δειγματοληψίας',70),
 ('Πρωτόκολλο Σύνδεσης',71),
 ('Λειτουργία εξόδου ήχου',72),
 ('Σύνδεση',73),
 ('Χωρητικότητα',74),
 ('Μέγεθος',75),
 ('Μaximum RPM',76),
 ('Μέγιστος ρυθμός μεταφοράς',77),
 ('Υποστήριξη RAID',78),
 ('Socket',79),
 ('Διάμετρος',80),
 ('Eπίπεδα θορύβου',81),
 ('Χρώμα',82),
 ('Μέγεθος οθόνης',83),
 ('Μέγιστη ανάλυση',84),
 ('Απεικόνιση',85),
 ('Τυπική αντίθεση',86),
 ('Δυναμική αντίθεση',87),
 ('Χρώματα οθόνης',88),
 ('Tεχνολογία διασύνδεσης',89),
 ('Τεχνολογία ανίχνευσης κίνησης',90),
 ('Λειτουργία πλήκτρων κουμπιών',91),
 ('Τεχνολογία εκτύπωσης',92),
 ('Μελάνια',93),
 ('Σάρωση',94),
 ('Σύνδεση με PC',95),
 ('Ταχύτητα εκτύπωσης',96),
 ('Ταχύτητα σάρωσης',97),
 ('Διαστάσεις Σάρωσης',98),
 ('Αριθμός Ηχείων',99),
 ('Συνολική Ισχύς',100),
 ('Ισχύς εμπροσθίων',101),
 ('Ισχύς οπισθίων',102),
 ('Ισχύς subwoofer',103),
 ('Χειριστήριο',104),
 ('Μέγεθος woofer',105),
 ('Mέγιστη στιγμιαία ισχύς',106),
 ('Ανάλυση video',107),
 ('Focus',108),
 ('Μικρόφωνο',109),
 ('Βάση στήριξης',110),
 ('Ζοοm',111),
 ('Αποθηκευτικό μέσο',112),
 ('Ανάλυση video 16:9',113),
 ('Ανάλυση video 4:3',114),
 ('Ανάλυση φωτογραφίας 16:9',115),
 ('Ανάλυση φωτογραφίας 4:3',116),
 ('Οπτικό zoom',117),
 ('Ψηφιακό zoom',118),
 ('Κάρτα μνήμης',119),
 ('Μegapixels',120),
 ('Aνάλυση video',121),
 ('Eνσωματωμένο φλας',122),
 ('Ενσωματωμένοι αποκωδικοποιητές ήχου',123),
 ('Τηλεχειριστήριο',124),
 ('Μετατροπέας εικόνας D/A',125),
 ('Μετατροπέας ήχου D/A',126),
 ('Έξοδος εικόνας',127),
 ('Λυχνία',128),
 ('Κατανάλωση ενέργειας',129),
 ('Συμβατές κονσόλες',130),
 ('Κατηγορία παιχνιδιού',131),
 ('Αναγνώριση κλήσης',132),
 ('Ανοιχτή ακρόαση',133),
 ('Ένδειξη διάρκειας',134),
 ('Ένδειξη ώρας',135),
 ('Ένδειξη ημερομηνίας',136),
 ('Ένδειξη κόστους',137),
 ('Τύπος γραμμής',138),
 ('Ανάλυση κάμερας',139),
 ('Εγγραφή βίντεο',140),
 ('Τεχνολογία',141),
 ('3G',142),
 ('GPRS',143),
 ('ΜP3 player',144),
 ('Ραδιόφωνο',145),
 ('Bluetooth',146),
 ('WiFi',147),
 ('mp3Player',150),
 ('κουμπιά',151),
 ('Χαρακτηριστικό1',152),
 ('Χαρακτηριστικό 2',153),
 ('Χαρακτηριστικό 1',154),
 ('null',155),
 ('sadfvgb',156),
 ('ΧαρακτΥποκατ3',157),
 ('ΧαραΥποκ1',158),
 ('Χαρακ2Υποκ1',159),
 ('ΧαρακτΥποκατ2',160),
 ('ΧαρακτΥποκ3',161);
/*!40000 ALTER TABLE `characteristics` ENABLE KEYS */;


--
-- Definition of table `creditcard`
--

DROP TABLE IF EXISTS `creditcard`;
CREATE TABLE `creditcard` (
  `card_type` varchar(45) NOT NULL,
  `card_num` varchar(45) NOT NULL,
  `cvv` int(10) unsigned NOT NULL,
  `expire_month` varchar(45) NOT NULL,
  `cardHolderName` varchar(45) NOT NULL,
  `cardHolderPhone` varchar(45) NOT NULL,
  `expire_year` varchar(45) NOT NULL,
  `order_id` int(10) unsigned NOT NULL,
  PRIMARY KEY (`card_num`,`order_id`) USING BTREE,
  KEY `FK_creditcard_1` (`order_id`),
  CONSTRAINT `FK_creditcard_1` FOREIGN KEY (`order_id`) REFERENCES `order` (`order_id`)
) ENGINE=InnoDB DEFAULT CHARSET=utf8;

--
-- Dumping data for table `creditcard`
--

/*!40000 ALTER TABLE `creditcard` DISABLE KEYS */;
INSERT INTO `creditcard` (`card_type`,`card_num`,`cvv`,`expire_month`,`cardHolderName`,`cardHolderPhone`,`expire_year`,`order_id`) VALUES 
 ('Diners','1234567890098765',123,'Ιανουάριος','valia','1234567890','2010',7);
/*!40000 ALTER TABLE `creditcard` ENABLE KEYS */;


--
-- Definition of table `incompatible`
--

DROP TABLE IF EXISTS `incompatible`;
CREATE TABLE `incompatible` (
  `serial_number` int(10) unsigned NOT NULL,
  `incompatibleSN` int(10) unsigned NOT NULL,
  PRIMARY KEY (`incompatibleSN`,`serial_number`),
  KEY `FK_incompatible_1` (`serial_number`),
  CONSTRAINT `FK_incompatible_1` FOREIGN KEY (`serial_number`) REFERENCES `product` (`serial_number`),
  CONSTRAINT `FK_incompatible_2` FOREIGN KEY (`incompatibleSN`) REFERENCES `product` (`serial_number`)
) ENGINE=InnoDB DEFAULT CHARSET=utf8;

--
-- Dumping data for table `incompatible`
--

/*!40000 ALTER TABLE `incompatible` DISABLE KEYS */;
INSERT INTO `incompatible` (`serial_number`,`incompatibleSN`) VALUES 
 (111111,264589),
 (333333,182906),
 (370988,290759),
 (370988,345855),
 (407273,345855),
 (407273,378689);
/*!40000 ALTER TABLE `incompatible` ENABLE KEYS */;


--
-- Definition of table `maxperformance`
--

DROP TABLE IF EXISTS `maxperformance`;
CREATE TABLE `maxperformance` (
  `serial_number` int(10) unsigned NOT NULL AUTO_INCREMENT,
  `maxPerformanceSN` int(10) unsigned NOT NULL,
  PRIMARY KEY (`serial_number`,`maxPerformanceSN`),
  KEY `FK_maxPerformance_2` (`maxPerformanceSN`),
  CONSTRAINT `FK_maxPerformance_1` FOREIGN KEY (`serial_number`) REFERENCES `product` (`serial_number`),
  CONSTRAINT `FK_maxPerformance_2` FOREIGN KEY (`maxPerformanceSN`) REFERENCES `product` (`serial_number`)
) ENGINE=InnoDB AUTO_INCREMENT=407274 DEFAULT CHARSET=utf8;

--
-- Dumping data for table `maxperformance`
--

/*!40000 ALTER TABLE `maxperformance` DISABLE KEYS */;
INSERT INTO `maxperformance` (`serial_number`,`maxPerformanceSN`) VALUES 
 (111111,127650),
 (333333,276345),
 (407273,290759),
 (370988,378689);
/*!40000 ALTER TABLE `maxperformance` ENABLE KEYS */;


--
-- Definition of table `order`
--

DROP TABLE IF EXISTS `order`;
CREATE TABLE `order` (
  `order_id` int(10) unsigned NOT NULL AUTO_INCREMENT,
  `status` varchar(45) NOT NULL,
  `date` date NOT NULL,
  `total_price` int(10) unsigned NOT NULL,
  `customer_id` int(10) unsigned NOT NULL,
  `payment_type` varchar(45) NOT NULL,
  `dispatch_type` varchar(45) NOT NULL,
  `dispatch_address` varchar(45) NOT NULL,
  `city` varchar(45) NOT NULL,
  `phone` longtext NOT NULL,
  `mobile_phone` longtext NOT NULL,
  `zip` int(10) unsigned NOT NULL,
  `firstname` varchar(45) NOT NULL,
  `lastname` varchar(45) NOT NULL,
  `email` varchar(45) NOT NULL,
  PRIMARY KEY (`order_id`) USING BTREE,
  KEY `FK_order_1` (`customer_id`),
  CONSTRAINT `FK_order_1` FOREIGN KEY (`customer_id`) REFERENCES `users` (`id`)
) ENGINE=InnoDB AUTO_INCREMENT=33 DEFAULT CHARSET=utf8;

--
-- Dumping data for table `order`
--

/*!40000 ALTER TABLE `order` DISABLE KEYS */;
INSERT INTO `order` (`order_id`,`status`,`date`,`total_price`,`customer_id`,`payment_type`,`dispatch_type`,`dispatch_address`,`city`,`phone`,`mobile_phone`,`zip`,`firstname`,`lastname`,`email`) VALUES 
 (7,'Προς Τιμολόγηση','2010-02-03',33,3,'Πιστωτική Κάρτα','Παραλαβή','Δωδεκανήσου 73','Ηράκλειο','2810330234','6912345678',73100,'Βάλια','Καλοκύρη','vkalokyri@gmail.com'),
 (9,'Προς Πακετάρισμα','2010-02-17',1392,27,'Αντικαταβολή','Παραλαβή','Δωδεκανήσου 73','Xανιά','2810330234','6912345678',73100,'Βάλια','Καλοκύρη','vkalokyri@gmail.com'),
 (10,'Εστάλη','2010-02-16',90,27,'Πιστωτική Κάρτα','Παραλαβή','Δωδεκανήσου 73','Ηράκλειο','2810330234','6912345678',73100,'Βαρβάρα','Καλοκύρη','vkalokyri@hotmail.com'),
 (11,'Παραλήφθηκε','2010-02-03',1056,10,'Αντικαταβολή','Διανομή','Κάτω Κατηφόρα 13','Χανιά','0000000000','6977777777',73123,'Μεγασθένης','Αστέρης','masteris@hotmail.com'),
 (12,'Εκκρεμής','2010-02-16',2998,27,'Αντικαταβολή','Παραλαβή','Καραϊσκάκη 3η πάροδος','Aθήνα-Αιγάλεω','2810220843','6942277392',73100,'Ορέστης','Λοϊζίδης','orestis@hotmail.com'),
 (13,'Ακυρωμένη','2010-02-03',1828,8,'Πιστωτική Κάρτα','Παραλαβή','Καραϊσκάκη 3η πάροδος','Χανιά','2810220843','6942277392',73100,'Ορέστης','Λοϊζίδης','orestis@hotmail.com'),
 (15,'Προς Τιμολόγηση','2010-02-16',3327,27,'Αντικαταβολή','Διανομή','Δωδεκανήσου 73','Hράκλειο','2810330234','6912345678',73100,'Βάλια','Καλοκύρη','vkalokyri@gmail.com'),
 (16,'Ακυρωμένη','2010-02-26',61,3,'Αντικαταβολή','Παραλαβή','SDFSDf','Ηράκλειο','2810330234','6912345678',73100,'Κατερίνα','Καλοκύρη','katerina@gmail.com'),
 (17,'Εστάλη','2010-02-17',1714,3,'Αντικαταβολή','Παραλαβή','Δωδεκανήσου 73','Βόλος','2810330234','6912345678',73100,'Κατερίνα','Καλοκύρη','katerina@gmail.com'),
 (18,'Εκκρεμής','2010-02-24',8,27,'Αντικαταβολή','Διανομή','Καραϊσκάκη 3η πάροδος','Χανιά','0','6944811845',73100,'Βάλια','Καλοκύρη','vkalokyri@yahoo.gr'),
 (19,'Εκκρεμής','2010-02-26',8980,27,'Αντικαταβολή','Διανομή','Καραϊσκάκη 3η πάροδος','Χανιά','0','6944811845',73100,'Βάλια','Καλοκύρη','vkalokyri@yahoo.gr'),
 (20,'Εκκρεμής','2010-02-26',4490,27,'Αντικαταβολή','Διανομή','Καραϊσκάκη 3η πάροδος','Χανιά','0','6944811845',73100,'Βάλια','Καλοκύρη','vkalokyri@yahoo.gr'),
 (28,'Εκκρεμής','2010-02-28',2900,3,'Αντικαταβολή','Παραλαβή','Δωδεκανήσου 73','Aθήνα-Αιγάλεω','2810330234','6912345678',73100,'Βάλια','Καλοκύρη','katerina@gmail.com'),
 (30,'Εκκρεμής','2010-02-28',572576,36,'Αντικαταβολή','Διανομή','Νικολακοπουλου 15','Αθήνα','0','6999999999',784984,'Νίκος','Νικολάου','asdf@isc.tuc.gr'),
 (31,'Ακυρωμένη','2010-02-28',0,36,'Αντικαταβολή','Διανομή','Νικολακοπουλου 15','Αθήνα','0','6999999999',784984,'Νίκος','Νικολάου','asdf@isc.tuc.gr'),
 (32,'Εκκρεμής','2010-02-28',30,27,'Αντικαταβολή','Διανομή','Καραϊσκάκη 3η πάροδος','Χανιά','0','6944811845',73100,'Βάλια','Καλοκύρη','vkalokyri@yahoo.gr');
/*!40000 ALTER TABLE `order` ENABLE KEYS */;


--
-- Definition of table `product`
--

DROP TABLE IF EXISTS `product`;
CREATE TABLE `product` (
  `serial_number` int(10) unsigned NOT NULL,
  `manufacturer` varchar(100) NOT NULL,
  `model` varchar(100) NOT NULL,
  `price` double NOT NULL,
  `stock` int(10) NOT NULL,
  `warranty` varchar(45) NOT NULL,
  `threshold` int(10) unsigned NOT NULL,
  `image_url` varchar(80) NOT NULL,
  `cat_id` int(10) unsigned NOT NULL,
  `subcat_id` int(10) unsigned NOT NULL,
  `description` longtext NOT NULL,
  `insertionDate` datetime NOT NULL,
  PRIMARY KEY (`serial_number`),
  KEY `subcat_id` (`subcat_id`),
  KEY `FK_product_2` (`cat_id`),
  CONSTRAINT `FK_product_2` FOREIGN KEY (`cat_id`) REFERENCES `category` (`category_id`),
  CONSTRAINT `subcat_id` FOREIGN KEY (`subcat_id`) REFERENCES `subcategory` (`id`)
) ENGINE=InnoDB DEFAULT CHARSET=utf8;

--
-- Dumping data for table `product`
--

/*!40000 ALTER TABLE `product` DISABLE KEYS */;
INSERT INTO `product` (`serial_number`,`manufacturer`,`model`,`price`,`stock`,`warranty`,`threshold`,`image_url`,`cat_id`,`subcat_id`,`description`,`insertionDate`) VALUES 
 (111111,'esdrftg','sdfg',8,8,'fvgbhj',7,'images/noImage.jpg',10,36,'sedfgcvghbjnkvbn','0000-00-00 00:00:00'),
 (127650,'MLS','MLS Destinator 4300 3D-Realview - δέκτης αυτοκινήτου GPS με χάρτες Ελλάδας και Κύπρου',55,18,'1',2,'images/8a3020cf-268e-4e06-81d4-2f933d1b3552.jpg',1,3,'<p><strong>Έτοιμη και απλή σύνθεση σε  ελκυστική τιμή αγοράς</strong><br>  Στο Turbo-X <strong>Sphere E1250 </strong>έχετε   τη δυνατότητα να απολαύσετε όλες τις λειτουργίες που μπορεί να σας προσφέρει   ένας σύγχρονος υπολογιστής. Πρόκειται για ένα σύστημα που δίνει τη δυνατότητα σε όλη την οικογένεια  για ενημέρωση και ψυχαγωγία (Internet &amp; e-mail), και αποδίδει  ικανοποιητικά στις καθημερινές εφαρμογές γραφείου (Office). Ιδανική  επιλογή για εσάς που αναζητάτε την χρυσή τομή ανάμεσα στην απόδοση και  το κόστος:</p><ul type=\"disc\"><li>Ιδανικο για όλες τις <strong>βασικές εφαρμογές γραφείου </strong>καθώς και για δημιουργία back up ασφαλείας. </li><li>Κατάλληλο για   ενασχόληση με <strong>internet</strong> <strong>&amp; multimedia </strong>εφαρμογές.  </li><li>Δυνατότητα   αντιγραφής CD και DVD.</li></ul>','0000-00-00 00:00:00'),
 (147648,'E-lectronics','E-lectronics -HT Athlos 9292 - AMD Athlon II X2 250 3.0GHz - Με Λειτουργικό Windows 7',464,5,'2',2,'images/0426139.jpg',1,1,'<p><strong>Έτοιμη και απλή σύνθεση σε  ελκυστική τιμή αγοράς</strong><br>  Στο Turbo-X <strong>Sphere E1250 </strong>έχετε   τη δυνατότητα να απολαύσετε όλες τις λειτουργίες που μπορεί να σας προσφέρει   ένας σύγχρονος υπολογιστής. Πρόκειται για ένα σύστημα που δίνει τη δυνατότητα σε όλη την οικογένεια  για ενημέρωση και ψυχαγωγία (Internet &amp; e-mail), και αποδίδει  ικανοποιητικά στις καθημερινές εφαρμογές γραφείου (Office). Ιδανική  επιλογή για εσάς που αναζητάτε την χρυσή τομή ανάμεσα στην απόδοση και  το κόστος:</p><ul type=\"disc\"><li>Ιδανικο για όλες τις <strong>βασικές εφαρμογές γραφείου </strong>καθώς και για δημιουργία back up ασφαλείας. </li><li>Κατάλληλο για   ενασχόληση με <strong>internet</strong> <strong>&amp; multimedia </strong>εφαρμογές.  </li><li>Δυνατότητα   αντιγραφής CD και DVD.</li></ul>','2010-02-20 22:00:00'),
 (182906,'Creative','Creative Sound Blaster Audigy SE - κάρτα ήχου',24,20,'1 χρόνo',5,'images/0182906.jpg',2,9,'Η Sound Blaster Audigy SE είναι μια εξαιρετική λύση για 7.1 surround ήχο για τον υπολογιστή. Υψηλής ποιότητας ήχος στα 24-bit/96kHz με εγγραφή και αναπαραγωγή με 100dB signal to noise ratio και ψηφιακή έξοδο. Κατάλληλη για surround μουσική και αναπαραγωγή ταινιών. Ρεαλιστικός ήχος στα παιχνίδια με υποστήριξη EAX ADVANCED HD 3.0 με 3D ήχο.','0000-00-00 00:00:00'),
 (239087,'E-lectronics','E-lectronics - BS Primario 9290 - Intel Celeron Dual Core E3200 2.4GHz - Οθόνη 19\"',429,5,'2',2,'images/PER.912166.jpg',1,1,'<p><strong>Έτοιμη και απλή σύνθεση σε  ελκυστική τιμή αγοράς</strong><br>  Στο Turbo-X <strong>Sphere E1250 </strong>έχετε   τη δυνατότητα να απολαύσετε όλες τις λειτουργίες που μπορεί να σας προσφέρει   ένας σύγχρονος υπολογιστής. Πρόκειται για ένα σύστημα που δίνει τη δυνατότητα σε όλη την οικογένεια  για ενημέρωση και ψυχαγωγία (Internet &amp; e-mail), και αποδίδει  ικανοποιητικά στις καθημερινές εφαρμογές γραφείου (Office). Ιδανική  επιλογή για εσάς που αναζητάτε την χρυσή τομή ανάμεσα στην απόδοση και  το κόστος:</p><ul type=\"disc\"><li>Ιδανικο για όλες τις <strong>βασικές εφαρμογές γραφείου </strong>καθώς και για δημιουργία back up ασφαλείας. </li><li>Κατάλληλο για   ενασχόληση με <strong>internet</strong> <strong>&amp; multimedia </strong>εφαρμογές.  </li><li>Δυνατότητα   αντιγραφής CD και DVD.</li></ul>','2010-02-20 22:00:00'),
 (264589,'General Electric','General Electric 2-9382 Black Ενσύρματο Τηλέφωνο',20,10,'1',2,'images/1213237.JPG',6,26,'<p><strong>Κλασσικός σχεδιασμός,  με μεγάλα πλήκτρα και μπλε φωτιζόμενη οθόνη</strong><br>  Σε επιβλητική μαύρη απόχρωση, με μεγάλα πλήκτρα και άνετη φωτιζόμενη οθόνη το <strong>2-9382 </strong>της<strong> General Electric</strong> θα διευκολύνει την επικοινωνία σας σε κάθε  επίπεδο.</p><ul type=\"disc\">  <li>Μείνετε       πάντα ενήμεροι για τις κλήσεις σας, με την εντυπωσιακή οθόνη που σας       παρέχει&nbsp;όλες τις απαραίτητες πληροφορίες που χρειάζεστε, όπως <strong>ημερομηνία, ώρα &amp; διάρκεια κλήσης</strong>.</li>  <li>Εξοπλισμένο       με προηγμένες δυνατότητες όπως <strong>ανοιχτή       ακρόαση και συνομιλία</strong>, επανάκληση τελευταίου αριθμού και μνήμη επανάκλησης       για να μπορείτε να επικοινωνήσετε χωρίς περιορισμούς.</li>  <li>Μην       χάσετε ποτέ κλήση, αφού διαθέτει μνήμη εισερχομένων κλήσεων 58 αριθμών και       με την δυνατότητα <strong>λειτουργίας ακόμη       και σε διακοπή ρεύματος</strong>, θα είστε πάντα σε \"επαφή\".</li>  <li>Δείτε       ποιος σας καλεί μέσω της <strong>αναγνώρισης       κλήσεων</strong> (αφού ενεργοποιηθεί από τον πάροχό σας) και στείλτε γραπτά μηνύματα       <strong>SMS</strong> (εφόσον το υποστηρίζει ο πάροχός σας       και έχει ενεργοποιηθεί η υπηρεσία).</li></ul>\r\n','0000-00-00 00:00:00'),
 (276345,'Sony Ericsson','Sony Ericsson Satio Black',528,10,'2',2,'images/1403370.JPG',6,27,'<p><strong>Ψυχαγωγία πέρα από τα  πιο πολύχρωμα όνειρά σας! </strong><br>  Το νέο κινητό τηλέφωνο <strong>Satio</strong> της <strong>Sony Ericsson</strong> με μοναδικό στυλ  σε μαύρη απόχρωση και προηγμένη τεχνολογία, ενσωματώνει <strong>κάμερα  12.1 megapixel</strong> για εξαιρετικές λήψεις φωτογραφιών και βίντεο.<br>  Μιλήστε με εικόνες, με το νέο φωτογραφικό κινητό που υποστηρίζει  τη λειτουργία κάμερας αφής και αποκτήστε με ένα άγγιγμα απευθείας πρόσβαση στις  αγαπημένες σας ταινίες και μουσική. &nbsp;</p>','0000-00-00 00:00:00'),
 (290759,'Gigabyte','Μητρική κάρτα Gigabyte GA-MA790FX-DS5 - ATX - AMD 790FX',70,20,'3 χρόνια',5,'images/0290759.jpg',2,6,'Το νέο CPU socket AM2+ υποστηρίζει τους νέους επεξεργαστές AMD Phenom quad-core αυξάνοντας τις επιδόσεις του συστήματός σας στο μέγιστο. Η ενσωμάτωση του DDR2 1066 memory controller, της τεχνολογίας HyperTransport 3.0 και των 128-bit Floating Point Units το καθιστούν ιδανικό για multi-media εφαρμογές και multi-tasking περιβάλλοντα.','2010-02-20 22:00:00'),
 (308092,'Siemens','Siemens Euroset 5020 Ανθρακί',33,10,'1',2,'images/799858.JPG',6,26,'<p><strong>Κλασσικός σχεδιασμός,  με μεγάλα πλήκτρα και μπλε φωτιζόμενη οθόνη</strong><br>  Σε επιβλητική μαύρη απόχρωση, με μεγάλα πλήκτρα και άνετη φωτιζόμενη οθόνη το <strong>2-9382 </strong>της<strong> General Electric</strong> θα διευκολύνει την επικοινωνία σας σε κάθε  επίπεδο.</p><ul type=\"disc\">  <li>Μείνετε       πάντα ενήμεροι για τις κλήσεις σας, με την εντυπωσιακή οθόνη που σας       παρέχει&nbsp;όλες τις απαραίτητες πληροφορίες που χρειάζεστε, όπως <strong>ημερομηνία, ώρα &amp; διάρκεια κλήσης</strong>.</li>  <li>Εξοπλισμένο       με προηγμένες δυνατότητες όπως <strong>ανοιχτή       ακρόαση και συνομιλία</strong>, επανάκληση τελευταίου αριθμού και μνήμη επανάκλησης       για να μπορείτε να επικοινωνήσετε χωρίς περιορισμούς.</li>  <li>Μην       χάσετε ποτέ κλήση, αφού διαθέτει μνήμη εισερχομένων κλήσεων 58 αριθμών και       με την δυνατότητα <strong>λειτουργίας ακόμη       και σε διακοπή ρεύματος</strong>, θα είστε πάντα σε \"επαφή\".</li>  <li>Δείτε       ποιος σας καλεί μέσω της <strong>αναγνώρισης       κλήσεων</strong> (αφού ενεργοποιηθεί από τον πάροχό σας) και στείλτε γραπτά μηνύματα       <strong>SMS</strong> (εφόσον το υποστηρίζει ο πάροχός σας       και έχει ενεργοποιηθεί η υπηρεσία).</li></ul>\r\n','0000-00-00 00:00:00'),
 (316140,'Western Digital','WD Caviar SE16 WD6400AAKS - Σκληρός δίσκος - 640 GB - SATA-300',52,20,'5 χρόνια',5,'images/0316140.jpg',2,10,'Αυξήστε τον αποθηκευτικό χώρο του σταθερού σας υπολογιστή, με το σκληρό δίσκο της <strong>Western Digital</strong>! Η άφθονη χωρητικότητα των <strong>640GB</strong> θα σας επιτρέψει να αποθηκεύσετε χωρίς προβληματισμούς τα δεδομένα, τα προγράμματα, τα παιχνίδια και όλα τα είδη των ψηφιακών σας αρχείων.<br>Με ταχύτητα <strong>7200 rpm</strong> και γρήγορη <strong>SATA II</strong> σύνδεση, το μοντέλο της WD σας προσφέρει μεγάλη ταχύτητα εγγραφής και ανάγνωσης δεδομένων. Παράλληλα, η αυξημένη μνήμη cache 16MB, και η αθόρυβη λειτουργία του θα ικανοποιήσουν και τους πιο απαιτητικούς χρήστες.','2010-02-20 22:00:00'),
 (333333,'q','a',3,4,'3',3,'images/noImage.jpg',10,37,'aszdfgchgbfv','0000-00-00 00:00:00'),
 (345855,'Gigabyte','Μητρική κάρτα Gigabyte GA-EP45-EXTREME - ATX - iP45',171,19,'3 χρόνια',5,'images/0345855.jpg',2,6,'Η Gigabyte αποτελεί αναμφισβήτητα μία από τις πιο αναγνωρίσιμες εταιρείες πληροφορικής παγκοσμίως. Η δραστηριότητα της στην κατηγορία των μητρικών καρτών είναι ιδιαίτερα έντονη και όλα αυτά τα χρόνια έχει ενισχύσει τον εν λόγω χώρο με νέες τεχνολογίες και σημαντικές λειτουργίες. Οι μητρικές της διακρίνονται για τα πλούσια χαρακτηριστικά, τα υψηλά standards και την αξιόπιστη λειτουργία τους που ανεβάζουν τις επιδόσεις στο μέγιστο.','2010-02-20 22:00:00'),
 (347812,'Sony Ericsson','Sony Ericsson W995 Walkman Silver',373,10,'2',2,'images/1295411.JPG',6,27,'<p><strong>Πείτε αντίο στην  πλήξη!</strong><br>  To νέο <strong>Sony </strong><strong>Ericsson </strong><strong>W995</strong> προσφέρει  περισσότερες δυνατότητες διασκέδασης. Τραβήξτε τέλειες φωτογραφίες με κάμερα 8.1  Μegapixel. Αναπαράγετε και οργανώστε το ψυχαγωγικό υλικό σας εύκολα με το Media  Go. Και δείτε τα τελευταία video στο YouTube με τέλεια ανάλυση.</p>','0000-00-00 00:00:00'),
 (351314,'Cooler Master','Ανεμιστήρας Cooler Master Neon L.E.D. Fan TLF-S12',6,3,'2',2,'images/fan.jpg',2,28,'<p><strong>Έτοιμη και απλή σύνθεση σε  ελκυστική τιμή αγοράς</strong><br>  Στο Turbo-X <strong>Sphere E1250 </strong>έχετε   τη δυνατότητα να απολαύσετε όλες τις λειτουργίες που μπορεί να σας προσφέρει   ένας σύγχρονος υπολογιστής. Πρόκειται για ένα σύστημα που δίνει τη δυνατότητα σε όλη την οικογένεια  για ενημέρωση και ψυχαγωγία (Internet &amp; e-mail), και αποδίδει  ικανοποιητικά στις καθημερινές εφαρμογές γραφείου (Office). Ιδανική  επιλογή για εσάς που αναζητάτε την χρυσή τομή ανάμεσα στην απόδοση και  το κόστος:</p><ul type=\"disc\"><li>Ιδανικο για όλες τις <strong>βασικές εφαρμογές γραφείου </strong>καθώς και για δημιουργία back up ασφαλείας. </li><li>Κατάλληλο για   ενασχόληση με <strong>internet</strong> <strong>&amp; multimedia </strong>εφαρμογές.  </li><li>Δυνατότητα   αντιγραφής CD και DVD.</li></ul>','0000-00-00 00:00:00'),
 (361874,'Asus','ASUS Eee Top ET1602 - Atom N270 1.6 GHz - 15.6\" TFT - White',989,9,'2',2,'images/des3.jpg',1,1,'<p><strong>Έτοιμη και απλή σύνθεση σε  ελκυστική τιμή αγοράς</strong><br>  Στο Turbo-X <strong>Sphere E1250 </strong>έχετε   τη δυνατότητα να απολαύσετε όλες τις λειτουργίες που μπορεί να σας προσφέρει   ένας σύγχρονος υπολογιστής. Πρόκειται για ένα σύστημα που δίνει τη δυνατότητα σε όλη την οικογένεια  για ενημέρωση και ψυχαγωγία (Internet &amp; e-mail), και αποδίδει  ικανοποιητικά στις καθημερινές εφαρμογές γραφείου (Office). Ιδανική  επιλογή για εσάς που αναζητάτε την χρυσή τομή ανάμεσα στην απόδοση και  το κόστος:</p><ul type=\"disc\"><li>Ιδανικο για όλες τις <strong>βασικές εφαρμογές γραφείου </strong>καθώς και για δημιουργία back up ασφαλείας. </li><li>Κατάλληλο για   ενασχόληση με <strong>internet</strong> <strong>&amp; multimedia </strong>εφαρμογές.  </li><li>Δυνατότητα   αντιγραφής CD και DVD.</li></ul>','0000-00-00 00:00:00'),
 (370988,'Akasa','Akasa AK 967 Nero- Μονάδα ανεμιστήρα',39,3,'2 χρόνια',3,'images/370988.jpg',2,28,'Ένα νέο σύστημα ψύξης για επεξεργαστές Intel / AMD For LGA 775, LGA 1366 / AMD Socket 939, AM2, AM2+ Core i7 / Phenom X4 από την AKASA. Ο ανεμιστήρας παρέχει ψύξη κρατώντας χαμηλά τα επίπεδα θερμοκρασίας του επεξεργαστή.','0000-00-00 00:00:00'),
 (373636,'Point Of View','Point Of View GTX 285 - Κάρτα γραφικών - 1 GB',370,20,'2 χρόνια',5,'images/0373636.jpg',2,8,'Bιώστε την καλύτερα παιχνίδια σε ταχύτητες απίστευτες. Ξεπεράστε τα όρια των κλασικών τριδιάσταστων γραφικών με την Point Of View GTX 285 και ζήστε την εμπειρία των εφέ PhysX™, στερεοσκοπικό 3D και ασπραπιαίας επεξεργασίας βίντεο και εικόνας. ','0000-00-00 00:00:00'),
 (378352,'FreeAgent Go','FreeAgent Go - hard drive - 320 GB - Hi-Speed USB - κόκκινο',69,20,'5 χρόνια',5,'images/0378352.jpg',2,10,'Επιτρέψτε στο ψηφιακό περιεχόμενο του Η/Υ σας να αναπνεύσει με την νέα σειρά εξωτερικών σκληρών δίσκων FREE AGENT GO PORTABLE της SEAGATE. Η καλαίσθητη σχεδίαση σε συνδυασμό με την απαράμιλλη ποιότητα κατασκευής και τον μεγάλο αποθηκευτικό χώρο είναι τα βασικά χαρακτηριστικά που κάνουν τα προϊόντα της SEAGATE να ξεχωρίζουν.','2010-02-20 22:00:00'),
 (378689,'ASUS','ASUS P6T6 WS Revolution - motherboard - ATX - iX58',359,18,'3 χρόνια',5,'images/0378689.jpg',2,6,'Η Asus κατέχει ηγετική θέση στο χώρο της πληροφορικής και είναι η πρώτη σε πωλήσεις motherboards τα τελευταία χρόνια. Τα μοντέλα της διακρίνονται για το πλουραλισμό, τις αξεπέραστες επιδόσεις, την αξιοπιστία και τον πλούσιο εξοπλισμό τους.','0000-00-00 00:00:00'),
 (379031,'SPEEDLINK','SPEEDLINK SL-8866-SRD5.1 - Κάρτα Ήχου',20,20,'2 χρόνια',5,'images/0379031.jpg',2,9,'Η μουσική, τα παιχνίδια και οι ταινίες σας αποκτούν τώρα άλλο ύφος με την κάρτα ήχου SL-8866-SRD 5.1 καναλιών της εταιρίας Speed-Link. Απλά εγκαταστήστε την σε μια κενή θέση PCI στον desktop υπολογιστή σας και απολαύστε τις προηγμένες λειτουργίες της. Υποστηρίζει 3D audio τεχνολογίες όπως HRTF 3D και Direct Sound 3D και A3D για να απολαύσετε μοναδικό ήχο σε κάθε σας εφαρμογή.','0000-00-00 00:00:00'),
 (390760,'LG','LG 32LH3000 - 32\'\' LCD TV - Full HD',449,5,'2',6,'images/monitor.jpg',3,11,'<p><strong>Έτοιμη και απλή σύνθεση σε  ελκυστική τιμή αγοράς</strong><br>  Στο Turbo-X <strong>Sphere E1250 </strong>έχετε   τη δυνατότητα να απολαύσετε όλες τις λειτουργίες που μπορεί να σας προσφέρει   ένας σύγχρονος υπολογιστής. Πρόκειται για ένα σύστημα που δίνει τη δυνατότητα σε όλη την οικογένεια  για ενημέρωση και ψυχαγωγία (Internet &amp; e-mail), και αποδίδει  ικανοποιητικά στις καθημερινές εφαρμογές γραφείου (Office). Ιδανική  επιλογή για εσάς που αναζητάτε την χρυσή τομή ανάμεσα στην απόδοση και  το κόστος:</p><ul type=\"disc\"><li>Ιδανικο για όλες τις <strong>βασικές εφαρμογές γραφείου </strong>καθώς και για δημιουργία back up ασφαλείας. </li><li>Κατάλληλο για   ενασχόληση με <strong>internet</strong> <strong>&amp; multimedia </strong>εφαρμογές.  </li><li>Δυνατότητα   αντιγραφής CD και DVD.</li></ul>','0000-00-00 00:00:00'),
 (391606,'Lamtech','Lamtech - Τροφοδοτικό - 380 Watt - Micro ATX ',39,19,'2 χρόνια',5,'images/0391606.jpg',2,4,'<p>Το νέο τροφοδοτικό <strong>550 W</strong> της εταιρίας <strong>Lamtech</strong> είναι η ιδανική  πρόταση για να πλαισιώσετε το σύστημά σας με υψηλές επιδόσεις ισχύος, σε πολύ  προσιτή τιμή. </p><p>Έρχεται εξοπλισμένο με έναν αυτορυθμιζόμενο, αθόρυβο<strong> ανεμιστήρα  διαμέτρου</strong> <strong>120mm</strong>, ο οποίος σε συνδυασμό  με το σύστημα προστασίας <strong>Over Temperature Protection </strong>(OTP) εγγυάται ότι θα διατηρήσει σε χαμηλά επίπεδα την θερμοκρασία  του. Επιπλέον, με το σύστημα προστασίας <strong>Over Voltage Protection </strong>(OVP)  θα προστατεύσει το σύστημά σας από πιθανές αυξήσεις της τάσης του  δικτύου σας.</p><p>Με κατασκευή υψηλών προδιαγραφών και υλικά που δεν είναι βλαβερά  για το περιβάλλον, έχει αποσπάσει την πιστοποίηση <strong>RoHS</strong>. Την αξιοπιστία και την ποιότητα κατασκευής Premier συμπληρώνει η εγγύηση 2 ετών από  το Πλαίσιο.</p><p>Για την σύνδεσή του με τα μέρη του υπολογιστή σας περιλαμβάνει τα εξής  καλώδια:</p><ul type=\"disc\">  <li>1 x 20/24 Pin</li>  <li>1 x 4 Pin CPU</li>  <li>1 x 4 Pin FDD</li>  <li>1 x 4 Pin Molex</li>  <li>2 x 4 Pin Sata</li>  <li>1 x 6 Pin PCIe</li></ul>\r\n','2010-02-20 22:00:00'),
 (398061,'AMD','Επεξεργαστής AMD Phenom II X4 955 / 3,2 GHz - Black Edition ',143,20,'3 χρόνια',5,'images/0398061.jpg',2,5,'Ο νέος Phenom ΙΙ X4 955 τρέχει στην συχνότητα των 3.2GHz, είναι εξοπλισμένος με μνήμη cache χωρητικότητας 8ΜB τύπου L2. Επιπρόσθετα υποστηρίζει μνήμες τύπου DDR2 και DDR3 και έχει TDP στα 125W. Ο νέος επεξεργαστής διαθέτει ξεκλείδωτο πολλαπλασιαστή με αποτέλεσμα να ονομάζεται Black Edition.','2010-02-20 22:00:00'),
 (399760,'LG','LG RHT498H - DVD recorder/  HDD recorder with digital TV tuner',329,6,'2',2,'images/dvd_recorder.jpg',4,22,'<p><strong>Έτοιμη και απλή σύνθεση σε  ελκυστική τιμή αγοράς</strong><br>  Στο Turbo-X <strong>Sphere E1250 </strong>έχετε   τη δυνατότητα να απολαύσετε όλες τις λειτουργίες που μπορεί να σας προσφέρει   ένας σύγχρονος υπολογιστής. Πρόκειται για ένα σύστημα που δίνει τη δυνατότητα σε όλη την οικογένεια  για ενημέρωση και ψυχαγωγία (Internet &amp; e-mail), και αποδίδει  ικανοποιητικά στις καθημερινές εφαρμογές γραφείου (Office). Ιδανική  επιλογή για εσάς που αναζητάτε την χρυσή τομή ανάμεσα στην απόδοση και  το κόστος:</p><ul type=\"disc\"><li>Ιδανικο για όλες τις <strong>βασικές εφαρμογές γραφείου </strong>καθώς και για δημιουργία back up ασφαλείας. </li><li>Κατάλληλο για   ενασχόληση με <strong>internet</strong> <strong>&amp; multimedia </strong>εφαρμογές.  </li><li>Δυνατότητα   αντιγραφής CD και DVD.</li></ul>','0000-00-00 00:00:00'),
 (399879,'A-DATA','A-DATA Vitesta AD2800002GMU - Μνήμη - 2 GB - DIMM 240-pin - DDR2 - 800MHz',39,20,'Περιορισμένη εγγύηση εφ όρου ζωής',5,'images/0399879.jpg',2,7,'Η μνήμη της A-data συνδυάζει τις υψηλές αποδόσεις με λογικό κόστος, ένα προιόν από μία εταιρεία που διακρίνεται για την πολυετή εμπειρία, την φήμη και την αξιοπιστία της στο χώρο. Η συγκεκριμένη πρόταση διατίθεται στα 800 ΜHz για μητρικές με υποστήριξη του πρoτύπου DDR2.','0000-00-00 00:00:00'),
 (404029,'A-DATA','A-DATA Vitesta AD2667002GMU-DK - Μνήμη - 2 GB - DIMM 240-pin - DDR2 - 667 MHz',39,20,'Περιορισμένη εγγύηση εφ όρου ζωής',5,'images/0404029.jpg',2,7,'<p>Η <strong>A-Data</strong>, από την οποία έρχεται το συγκεκριμένο memory kit, έχει την βάση της στην Ταϊβάν. Διαθέτει στο line-up της διάφορα προϊόντα μνήμης, όπως SD cards, flashάκια, και DDR, DDR2, DDR3 memory modules.Αν και δεν είναι τόσο γνωστή εταιρεία σε Αμερική και Ευρώπη, διαθέτει ένα από τα μεγαλύτερα ονόματα στην Ασιατική αγορά. Τον τελευταίο αιρό έχει αρχίσει να γίνεται γνωστή παγκοσμίως, με τα νέα τις <strong>triple-channel DDR3 kits</strong> για X58 συστήματα, με τα οποία συναγωνίζεται ευθέως τα μεγάλα ονόματα του χώρου.</p>','0000-00-00 00:00:00'),
 (405974,'Gigabyte ','Gigabyte GV N98TOC-1GI - graphics adapter - GF 9800 GT - 1 GB',124,20,'2 χρόνια',5,'images/0405974.jpg',2,8,'Πυρήνας γραφικών NVIDIA GeForce 9800GT. Υποστήριζει PCI Express 2.0, DirectX® 10 και OpenGL® 2.1. Ενσωματώνει 1GB GDDR3 μνήμης κορυφαίας ποιότητας με 256-bit memory interface και υποστήριζει dual DVI-I / D-sub / HDMI / HDCP.','2010-02-20 22:00:00'),
 (407273,'Cooler Master','Cooler Master V10 - Ψύκτρα επεξεργαστή',84,2,'1 χρόνο',5,'images/407273.jpg',2,28,'H Cooler Master κατασκεύασε την εκπληκτική τόσο σε εμφάνιση όσο και σε δυνατότητες ψύκτρας της, με την ονομασία V10. Η αισθητική και η σχεδίαση της V10 είναι εμπνευσμένη από τους σημερινούς υπερτροφοδοτούμενους κινητήρες αυτοκινήτων και η ψυκτική της ικανότητα ξεπερνάει τα 200W! Αυτό πραγματοποιείται και χάρη στην τεχνολογία θερμοηλεκτρικής ψύξης (T.E.C: ThermoElectric Cooling). Η νέα V10 είναι συμβατή με το νέο socket των Core i7 της Intel, LGA1366 αλλά και με όλα τα σύγχρονα sockets της αγοράς (Intel LGA775, AMD 754, 939, 940, ΑΜ2, ΑΜ2+) και διαθέτει ειδική σχεδίαση που αποτελείται από τρείς διαφορετικές ψύκτρες και πτερύγια (αλουμινένια), για ακόμη καλύτερη θερμική συμπεριφορά. Χάρη στην σχεδίαση, εκτός από τον επεξεργαστή μπορεί και να ψύχει τα αρθρώματα της μνήμης. H βάση της ψύκτρας είναι κατασκευασμένη από χαλκό. Οι διαστάσεις της είναι 236,5 x 129,6 x 161,3mm και ζυγίζει 1200 γραμμάρια. Οι ανεμιστήρες των 120mm μπορούν να περιστρέφονται με ταχύτητα 800 έως 2400 rpm παράγοντας ρεύμα αέρα έως 90 CFM! Με τη χαμηλότερη ταχύτητα περιστροφής, ο παραγόμενος θόρυβος είναι 17dBA. Όσο αφορά στην τεχνολογία TEC (επιπλέον ψυκτική ικανότητα 70W στην ψύκτρα) που ενσωματώνει, αυτή \"μπαίνει σε λειτουργία\" αυτόματα και μόλις ο επεξεργαστής ξεπεράσει ορισμένα όρια όσο αφορά στην θερμοκρασία λειτουργίας.','2010-02-21 21:00:00'),
 (417658,'Intel','Επεξεργαστής Intel Core 2 Quad Q8200/2,33 Ghz',135,5,'1',2,'images/cpu.jpg',2,5,'<p><strong>Έτοιμη και απλή σύνθεση σε  ελκυστική τιμή αγοράς</strong><br>  Στο Turbo-X <strong>Sphere E1250 </strong>έχετε   τη δυνατότητα να απολαύσετε όλες τις λειτουργίες που μπορεί να σας προσφέρει   ένας σύγχρονος υπολογιστής. Πρόκειται για ένα σύστημα που δίνει τη δυνατότητα σε όλη την οικογένεια  για ενημέρωση και ψυχαγωγία (Internet &amp; e-mail), και αποδίδει  ικανοποιητικά στις καθημερινές εφαρμογές γραφείου (Office). Ιδανική  επιλογή για εσάς που αναζητάτε την χρυσή τομή ανάμεσα στην απόδοση και  το κόστος:</p><ul type=\"disc\"><li>Ιδανικο για όλες τις <strong>βασικές εφαρμογές γραφείου </strong>καθώς και για δημιουργία back up ασφαλείας. </li><li>Κατάλληλο για   ενασχόληση με <strong>internet</strong> <strong>&amp; multimedia </strong>εφαρμογές.  </li><li>Δυνατότητα   αντιγραφής CD και DVD.</li></ul>','2010-02-20 22:00:00'),
 (422265,'Gigabyte','Gigabyte GA-P55-US3L - Μητρική κάρτα - ATX - iP55',97,20,'3 χρόνια',5,'images/0422265.jpg',2,6,'Η νέα σειρά motherboard της εταιρείας Gigabyte, που βασίζεται στο νέο chipset της Intel, P55 Express - το οποίο συνδυάζεται με επεξεργαστές Intel Core i7 και Core i5 που κάνουν χρήση του νέου socket LGA1156 και διαθέτουν ενσωματωμένο dual-channel ελεγκτή μνήμης, προορίζεται για mainstream και mainstream/performance. Η νέα σειρά motherboard της εταιρείας κάνει χρήση του σχεδιασμού 2Oz copper design (διπλάσια ποσότητα χαλκού στο PCB), της τεχνολογίας εξοικονόμισης ενέργειας DES2 (Dynamic Energy Saver 2) αλλά και όλων των γνωστών τεχνολογιών της εταιρείας.','0000-00-00 00:00:00'),
 (423858,'Creative','Creative Sound Blaster Play! - Κάρτα ήχου',26,20,'2 χρόνια',5,'images/0423858.jpg',2,9,'Με την φορητή κάρτα ήχου της Creative, Sound Blaster Play! μέσω σύνδεσης USB, μπορείτε να απολαμβάνετε όπου κι αν βρίσκεστε, σε κάθε υπολογιστή, ήχο υψηλής ποιότητας.','0000-00-00 00:00:00'),
 (426148,'Ε-lectronics ','Ε-lectronics - BS Primario 9590 - IIntel Pentium Dual Core E5400 2.7GHz - Με Λειτουργικό Windows 7',319,5,'2',2,'images/desktop.jpg',1,1,'<p><strong>Έτοιμη και απλή σύνθεση σε  ελκυστική τιμή αγοράς</strong><br>  Στο Turbo-X <strong>Sphere E1250 </strong>έχετε   τη δυνατότητα να απολαύσετε όλες τις λειτουργίες που μπορεί να σας προσφέρει   ένας σύγχρονος υπολογιστής. Πρόκειται για ένα σύστημα που δίνει τη δυνατότητα σε όλη την οικογένεια  για ενημέρωση και ψυχαγωγία (Internet &amp; e-mail), και αποδίδει  ικανοποιητικά στις καθημερινές εφαρμογές γραφείου (Office). Ιδανική  επιλογή για εσάς που αναζητάτε την χρυσή τομή ανάμεσα στην απόδοση και  το κόστος:</p><ul type=\"disc\"><li>Ιδανικο για όλες τις <strong>βασικές εφαρμογές γραφείου </strong>καθώς και για δημιουργία back up ασφαλείας. </li><li>Κατάλληλο για   ενασχόληση με <strong>internet</strong> <strong>&amp; multimedia </strong>εφαρμογές.  </li><li>Δυνατότητα   αντιγραφής CD και DVD.</li></ul>','0000-00-00 00:00:00'),
 (427548,'Ε-lectronics ','E-lectronics - BS Primario 9190 - Intel Celeron Dual Core E3200 2.4GHz - Με Λειτουργικό Windows 7',699,10,'2',2,'images/des2.jpg',1,1,'<p><strong>Έτοιμη και απλή σύνθεση σε  ελκυστική τιμή αγοράς</strong><br>  Στο Turbo-X <strong>Sphere E1250 </strong>έχετε   τη δυνατότητα να απολαύσετε όλες τις λειτουργίες που μπορεί να σας προσφέρει   ένας σύγχρονος υπολογιστής. Πρόκειται για ένα σύστημα που δίνει τη δυνατότητα σε όλη την οικογένεια  για ενημέρωση και ψυχαγωγία (Internet &amp; e-mail), και αποδίδει  ικανοποιητικά στις καθημερινές εφαρμογές γραφείου (Office). Ιδανική  επιλογή για εσάς που αναζητάτε την χρυσή τομή ανάμεσα στην απόδοση και  το κόστος:</p><ul type=\"disc\"><li>Ιδανικο για όλες τις <strong>βασικές εφαρμογές γραφείου </strong>καθώς και για δημιουργία back up ασφαλείας. </li><li>Κατάλληλο για   ενασχόληση με <strong>internet</strong> <strong>&amp; multimedia </strong>εφαρμογές.  </li><li>Δυνατότητα   αντιγραφής CD και DVD.</li></ul>','0000-00-00 00:00:00'),
 (429041,'Samsung','Samsung GT B7300 Omnia Lite',325,10,'2',2,'images/ebb9364d-93b8.jpg',6,27,'<p><strong>Πείτε αντίο στην  πλήξη!</strong><br>  To νέο <strong>Sony </strong><strong>Ericsson </strong><strong>W995</strong> προσφέρει  περισσότερες δυνατότητες διασκέδασης. Τραβήξτε τέλειες φωτογραφίες με κάμερα 8.1  Μegapixel. Αναπαράγετε και οργανώστε το ψυχαγωγικό υλικό σας εύκολα με το Media  Go. Και δείτε τα τελευταία video στο YouTube με τέλεια ανάλυση.</p>','2010-02-20 22:00:00'),
 (436358,'My Book Elite','My Book Elite WDBAAH0020HCH - Σκληρός δίσκος - 2 TB - Hi-Speed USB',221,20,'3 χρόνια',5,'images/0436358.jpg',2,10,'<p>Οι νέοι εξωτερικοί σκληροί της <strong>Western Dιgital My Book® Elite Edition™</strong> έρχονται και εντυπωσιάζουν με το νέο πρωτοποριακό σχεδιασμό τους. Με χωρητικότητες&nbsp; <strong>2TB</strong> είναι ιδανικοί για αποθήκευση όλων των ειδών αρχείων. Συνδέονται σε θύρα USB 2.0 FireWire 800 και είναι και συμβατοί με Mac.<br>Επίσης οι καινούριοι <strong>Western Digital My Book</strong> διαθέτουν μια μικρή οθόνη αντίστοιχη με αυτή των e-books, πάνω στην οποία αναγράφονται πληροφορίες όπως τα πόσα GB ελεύθερα έχει ο σκληρός δίσκος,στις οποίες έχετε πρόσβαση ακόμη και όταν αυτός δεν βρίσκεται στο ρεύμα.</p>\r\n<ul><li>&nbsp;&nbsp; Εύκολος στην εγκατάσταση και στη χρήση.</li><li>&nbsp;&nbsp; WD SmartWare software</li><li>&nbsp;&nbsp; Κομψός και όμορφος σχεδιασμός σαν βιβλίο.</li><li>&nbsp;&nbsp; USB 2.0, FireWire 800</li><li>&nbsp;&nbsp; PC and Mac compatible</li></ul>','0000-00-00 00:00:00'),
 (437430,'A-DATA','A-DATA Vitesta AD2667002GMU-DK - Μνήμη - 2 GB - DIMM 240-pin - DDR2 - 667 MHz',108,20,'Περιορισμένη εγγύηση εφ όρου ζωής',5,'images/0437430.jpg',2,7,'H νέα σειρά μνημών G.Skill F3-10666CL7D-4GBECO της G. SKILL σε CAS Latency 7-7-7-21-2N με υψηλή ποιότητα κατασκευής, εξασφαλίζουν τη σταθερή λειτουργία του συστήματός σας σε συνδυασμό με υψηλές επιδόσεις. Η συγκεκριμένη πρόταση διατίθεται στα 800 ΜHz για μητρικές με υποστήριξη του πρoτύπου DDR3.','0000-00-00 00:00:00'),
 (437904,'Intel','Επεξεργαστής Intel Core i3 540 - 3.06 GHz - 4 MB',120,20,'3 χρόνια',5,'images/0437904.jpg',2,5,'<b>Νέα σειρά επεξεργαστών Intel Core i3</b></p><ul><li>Στηρίζεται σε νέο (και μη συμβατό με τα προηγούμενα) socket, το οποίο διαθέτει 1156 ακροδέκτες.</li><li>Υποστηρίζεται από νέα chipsets, και συγκεκριμένα το Intel H55.</li><li>Διαθέτει ενσωματωμένο ελεγκτή για μνήμες DDR3 dual channel.</li><li>Ενσωματώνει την τεχνολογία DMI (Direct Media Interface) αντί της QPI ως βασικό δίαυλο επικοινωνίας του επεξεργαστή με τα υπόλοιπα τμήματα του υπολογιστή.</li><li>Υποστηρίζει την τεχνολογία virtualization, απλά όχι στο εύρος και στις δυνατότητες των Core i7 9xx.</li><li>Διαθέτει δυναμικό μοίρασμα της προσωρινής μνήμης cache με την τεχνολογία Intel Smart Cache.</li>','0000-00-00 00:00:00'),
 (443512,'MSI','MSI R5750-PM2D1G - Κάρτα γραφικών - Radeon HD 5750 - 1 GB',129,10,'2 χρόνια',5,'images/0443512.jpg',2,8,'Η νέα κάρτα είναι κατασκευασμένη στα <strong>40nm</strong>, o πυρήνας της είναι χρονισμένος&nbsp; στα <strong>700 MHz</strong> . Διαθέτει μνήμη 1GB τύπου strong>GDRR5</strong> με memory interface στα 128bit, ενώ οι συχνότητα λειτουργίας είναι στα<strong> 4600 MHz</strong>. <br><br>Υποστηρίζει όλες τις προηγμένες τεχνολογίες, όπως:</p>\r\n<ul><li>DirectX 11, </li><li>ATI Eyefinity, </li><li>ATI Stream, </li><li>ATI CrossFireX, </li><li>ATI PowerPlay, </li><li>ATI Avivo,</li></ul><p>Επιπλέον είναι απόλυτα συμβατές με τα <strong>Windows 7</strong>.','0000-00-00 00:00:00'),
 (447055,'Silverstone ','SilverStone Strider Series ST75F-P - Τροφοδοτικό - 750 Watt',100,18,'3 χρόνια',5,'images/0447055.jpg',2,4,'<p>Η νέα σειρά <strong>Element</strong> της εταιρίας <strong>Silverstone</strong> είναι υψηλών προδιαγραφών, ποιότητας και αξιοπιστίας με σταθερή λειτουργία και  υψηλή απόδοση. <br>  <br>Το τροφοδοτικό <strong>Element SST-ST75EF PSU </strong>είναι ισχύος <strong>750W </strong>και έρχεται εξοπλισμένο με έναν ανεμιστήρα <strong>135mm</strong>, που  εξασφαλίζει την συντήρηση της θερμοκρασίας του σε χαμηλά επίπεδα.<br><br>Εξοπλισμένο με δικλείδες προστασίας, όπως από αυξήσεις της τάσης του δικτύου  σας Over Voltage Protection (<strong>OVP</strong>), Over Power Protection (<strong>OPP</strong>) καθώς και &nbsp;Over Current Protection (<strong>OCP</strong>)  και Short Circuit Protection (<strong>SCP</strong>) για προστασία από  πιθανότητα βραχυκύκλωσης, θα σας δώσει ισχύ με αξιοπιστία και ασφάλεια χωρίς  περαιτέρω κινδύνους για το σύστημά σας.<br></p>','0000-00-00 00:00:00'),
 (447059,'SilverStone','SilverStone Strider Series ST50F - Τροφοδοτικό - 500 Watt',59,20,'2 χρόνια',5,'images/0447059.jpg',2,4,'<p>Η νέα σειρά <strong>Element</strong> της εταιρίας <strong>Silverstone</strong> είναι υψηλών προδιαγραφών, ποιότητας και αξιοπιστίας με σταθερή λειτουργία και  υψηλή απόδοση. <br>  <br>Το τροφοδοτικό <strong>Element SST-ST75EF PSU </strong>είναι ισχύος <strong>750W </strong>και έρχεται εξοπλισμένο με έναν ανεμιστήρα <strong>135mm</strong>, που  εξασφαλίζει την συντήρηση της θερμοκρασίας του σε χαμηλά επίπεδα.<br><br>Εξοπλισμένο με δικλείδες προστασίας, όπως από αυξήσεις της τάσης του δικτύου  σας Over Voltage Protection (<strong>OVP</strong>), Over Power Protection (<strong>OPP</strong>) καθώς και &nbsp;Over Current Protection (<strong>OCP</strong>)  και Short Circuit Protection (<strong>SCP</strong>) για προστασία από  πιθανότητα βραχυκύκλωσης, θα σας δώσει ισχύ με αξιοπιστία και ασφάλεια χωρίς  περαιτέρω κινδύνους για το σύστημά σας.<br></p>','0000-00-00 00:00:00'),
 (452658,'Nikon','Φακός zoom Nikon Zoom-Nikkor - 24 mm - 70 mm',1499,6,'2',2,'images/nikon.jpg',4,21,'<p><strong>Έτοιμη και απλή σύνθεση σε  ελκυστική τιμή αγοράς</strong><br>  Στο Turbo-X <strong>Sphere E1250 </strong>έχετε   τη δυνατότητα να απολαύσετε όλες τις λειτουργίες που μπορεί να σας προσφέρει   ένας σύγχρονος υπολογιστής. Πρόκειται για ένα σύστημα που δίνει τη δυνατότητα σε όλη την οικογένεια  για ενημέρωση και ψυχαγωγία (Internet &amp; e-mail), και αποδίδει  ικανοποιητικά στις καθημερινές εφαρμογές γραφείου (Office). Ιδανική  επιλογή για εσάς που αναζητάτε την χρυσή τομή ανάμεσα στην απόδοση και  το κόστος:</p><ul type=\"disc\"><li>Ιδανικο για όλες τις <strong>βασικές εφαρμογές γραφείου </strong>καθώς και για δημιουργία back up ασφαλείας. </li><li>Κατάλληλο για   ενασχόληση με <strong>internet</strong> <strong>&amp; multimedia </strong>εφαρμογές.  </li><li>Δυνατότητα   αντιγραφής CD και DVD.</li></ul>','0000-00-00 00:00:00'),
 (567832,'Acer','Acer Aspire 5738PG-664G50MN Touch - Core 2 Duo T6600 2.2 GHz - 15.6\" TFT - Μαύρο',589,9,'2',2,'images/0428446.jpg',1,2,'<p><strong>Έτοιμη και απλή σύνθεση σε  ελκυστική τιμή αγοράς</strong><br>  Στο Turbo-X <strong>Sphere E1250 </strong>έχετε   τη δυνατότητα να απολαύσετε όλες τις λειτουργίες που μπορεί να σας προσφέρει   ένας σύγχρονος υπολογιστής. Πρόκειται για ένα σύστημα που δίνει τη δυνατότητα σε όλη την οικογένεια  για ενημέρωση και ψυχαγωγία (Internet &amp; e-mail), και αποδίδει  ικανοποιητικά στις καθημερινές εφαρμογές γραφείου (Office). Ιδανική  επιλογή για εσάς που αναζητάτε την χρυσή τομή ανάμεσα στην απόδοση και  το κόστος:</p><ul type=\"disc\"><li>Ιδανικο για όλες τις <strong>βασικές εφαρμογές γραφείου </strong>καθώς και για δημιουργία back up ασφαλείας. </li><li>Κατάλληλο για   ενασχόληση με <strong>internet</strong> <strong>&amp; multimedia </strong>εφαρμογές.  </li><li>Δυνατότητα   αντιγραφής CD και DVD.</li></ul>','2010-02-05 20:00:00'),
 (568324,'Philips','Philips CD1501B/23 - Ασύρματο τηλέφωνο με αναγνώριση κλήσης σε αναμονή',30,9,'1',2,'images/0365114.jpg',6,26,'<p><strong>Κλασσικός σχεδιασμός,  με μεγάλα πλήκτρα και μπλε φωτιζόμενη οθόνη</strong><br>  Σε επιβλητική μαύρη απόχρωση, με μεγάλα πλήκτρα και άνετη φωτιζόμενη οθόνη το <strong>2-9382 </strong>της<strong> General Electric</strong> θα διευκολύνει την επικοινωνία σας σε κάθε  επίπεδο.</p><ul type=\"disc\">  <li>Μείνετε       πάντα ενήμεροι για τις κλήσεις σας, με την εντυπωσιακή οθόνη που σας       παρέχει&nbsp;όλες τις απαραίτητες πληροφορίες που χρειάζεστε, όπως <strong>ημερομηνία, ώρα &amp; διάρκεια κλήσης</strong>.</li>  <li>Εξοπλισμένο       με προηγμένες δυνατότητες όπως <strong>ανοιχτή       ακρόαση και συνομιλία</strong>, επανάκληση τελευταίου αριθμού και μνήμη επανάκλησης       για να μπορείτε να επικοινωνήσετε χωρίς περιορισμούς.</li>  <li>Μην       χάσετε ποτέ κλήση, αφού διαθέτει μνήμη εισερχομένων κλήσεων 58 αριθμών και       με την δυνατότητα <strong>λειτουργίας ακόμη       και σε διακοπή ρεύματος</strong>, θα είστε πάντα σε \"επαφή\".</li>  <li>Δείτε       ποιος σας καλεί μέσω της <strong>αναγνώρισης       κλήσεων</strong> (αφού ενεργοποιηθεί από τον πάροχό σας) και στείλτε γραπτά μηνύματα       <strong>SMS</strong> (εφόσον το υποστηρίζει ο πάροχός σας       και έχει ενεργοποιηθεί η υπηρεσία).</li></ul>\r\n','0000-00-00 00:00:00'),
 (599760,'Acer','Acer Aspire ONE D250 - Atom N270 1.6 GHz - 10.1\" TFT - 3 Cell - Κόκκινο',678,10,'2',2,'images/0428453.jpg',1,2,'<p><strong>Έτοιμη και απλή σύνθεση σε  ελκυστική τιμή αγοράς</strong><br>  Στο Turbo-X <strong>Sphere E1250 </strong>έχετε   τη δυνατότητα να απολαύσετε όλες τις λειτουργίες που μπορεί να σας προσφέρει   ένας σύγχρονος υπολογιστής. Πρόκειται για ένα σύστημα που δίνει τη δυνατότητα σε όλη την οικογένεια  για ενημέρωση και ψυχαγωγία (Internet &amp; e-mail), και αποδίδει  ικανοποιητικά στις καθημερινές εφαρμογές γραφείου (Office). Ιδανική  επιλογή για εσάς που αναζητάτε την χρυσή τομή ανάμεσα στην απόδοση και  το κόστος:</p><ul type=\"disc\"><li>Ιδανικο για όλες τις <strong>βασικές εφαρμογές γραφείου </strong>καθώς και για δημιουργία back up ασφαλείας. </li><li>Κατάλληλο για   ενασχόληση με <strong>internet</strong> <strong>&amp; multimedia </strong>εφαρμογές.  </li><li>Δυνατότητα   αντιγραφής CD και DVD.</li></ul>','2010-02-20 22:00:00'),
 (652347,'E-lectronics','E-lectronics - HT Complete 9292 - Intel Core 2 Duo E7500 2.93GHz - Με Λειτουργικό Windows 7',464,5,'2',2,'images/PER.912050.jpg',1,1,'<p><strong>Έτοιμη και απλή σύνθεση σε  ελκυστική τιμή αγοράς</strong><br>  Στο Turbo-X <strong>Sphere E1250 </strong>έχετε   τη δυνατότητα να απολαύσετε όλες τις λειτουργίες που μπορεί να σας προσφέρει   ένας σύγχρονος υπολογιστής. Πρόκειται για ένα σύστημα που δίνει τη δυνατότητα σε όλη την οικογένεια  για ενημέρωση και ψυχαγωγία (Internet &amp; e-mail), και αποδίδει  ικανοποιητικά στις καθημερινές εφαρμογές γραφείου (Office). Ιδανική  επιλογή για εσάς που αναζητάτε την χρυσή τομή ανάμεσα στην απόδοση και  το κόστος:</p><ul type=\"disc\"><li>Ιδανικο για όλες τις <strong>βασικές εφαρμογές γραφείου </strong>καθώς και για δημιουργία back up ασφαλείας. </li><li>Κατάλληλο για   ενασχόληση με <strong>internet</strong> <strong>&amp; multimedia </strong>εφαρμογές.  </li><li>Δυνατότητα   αντιγραφής CD και DVD.</li></ul>','0000-00-00 00:00:00'),
 (678954,'E-lectronics','E-lectronics-HQ X-Force MS 1784 Blu Ray Reader - Core 2 Duo P8400 2.26 GHz - 17\" TFT - Μαύρο',499,10,'2',2,'images/0348912.jpg',1,2,'<p><strong>Έτοιμη και απλή σύνθεση σε  ελκυστική τιμή αγοράς</strong><br>  Στο Turbo-X <strong>Sphere E1250 </strong>έχετε   τη δυνατότητα να απολαύσετε όλες τις λειτουργίες που μπορεί να σας προσφέρει   ένας σύγχρονος υπολογιστής. Πρόκειται για ένα σύστημα που δίνει τη δυνατότητα σε όλη την οικογένεια  για ενημέρωση και ψυχαγωγία (Internet &amp; e-mail), και αποδίδει  ικανοποιητικά στις καθημερινές εφαρμογές γραφείου (Office). Ιδανική  επιλογή για εσάς που αναζητάτε την χρυσή τομή ανάμεσα στην απόδοση και  το κόστος:</p><ul type=\"disc\"><li>Ιδανικο για όλες τις <strong>βασικές εφαρμογές γραφείου </strong>καθώς και για δημιουργία back up ασφαλείας. </li><li>Κατάλληλο για   ενασχόληση με <strong>internet</strong> <strong>&amp; multimedia </strong>εφαρμογές.  </li><li>Δυνατότητα   αντιγραφής CD και DVD.</li></ul>','0000-00-00 00:00:00'),
 (805032,'LG','LG GD510 - Κινητό τηλέφωνο - Ασημί',195,10,'1',2,'images/0433953.jpg',6,27,'<p><strong>Πείτε αντίο στην  πλήξη!</strong><br>  To νέο <strong>Sony </strong><strong>Ericsson </strong><strong>W995</strong> προσφέρει  περισσότερες δυνατότητες διασκέδασης. Τραβήξτε τέλειες φωτογραφίες με κάμερα 8.1  Μegapixel. Αναπαράγετε και οργανώστε το ψυχαγωγικό υλικό σας εύκολα με το Media  Go. Και δείτε τα τελευταία video στο YouTube με τέλεια ανάλυση.</p>','0000-00-00 00:00:00'),
 (873582,'Apple','Apple iMac Core 2 Duo 3.06 GHz - 27\" TFT - MB952GR/A',1359,10,'2',2,'images/b30fa783-661b-41ef-a300-1cf88022fe60.jpg',1,1,'<p><strong>Έτοιμη και απλή σύνθεση σε  ελκυστική τιμή αγοράς</strong><br>  Στο Turbo-X <strong>Sphere E1250 </strong>έχετε   τη δυνατότητα να απολαύσετε όλες τις λειτουργίες που μπορεί να σας προσφέρει   ένας σύγχρονος υπολογιστής. Πρόκειται για ένα σύστημα που δίνει τη δυνατότητα σε όλη την οικογένεια  για ενημέρωση και ψυχαγωγία (Internet &amp; e-mail), και αποδίδει  ικανοποιητικά στις καθημερινές εφαρμογές γραφείου (Office). Ιδανική  επιλογή για εσάς που αναζητάτε την χρυσή τομή ανάμεσα στην απόδοση και  το κόστος:</p><ul type=\"disc\"><li>Ιδανικο για όλες τις <strong>βασικές εφαρμογές γραφείου </strong>καθώς και για δημιουργία back up ασφαλείας. </li><li>Κατάλληλο για   ενασχόληση με <strong>internet</strong> <strong>&amp; multimedia </strong>εφαρμογές.  </li><li>Δυνατότητα   αντιγραφής CD και DVD.</li></ul>','0000-00-00 00:00:00'),
 (963459,'Navigon','Navigon 4350 max - Δέκτης GPS',89,20,'1',2,'images/0425549.jpg',1,3,'<p><strong>Έτοιμη και απλή σύνθεση σε  ελκυστική τιμή αγοράς</strong><br>  Στο Turbo-X <strong>Sphere E1250 </strong>έχετε   τη δυνατότητα να απολαύσετε όλες τις λειτουργίες που μπορεί να σας προσφέρει   ένας σύγχρονος υπολογιστής. Πρόκειται για ένα σύστημα που δίνει τη δυνατότητα σε όλη την οικογένεια  για ενημέρωση και ψυχαγωγία (Internet &amp; e-mail), και αποδίδει  ικανοποιητικά στις καθημερινές εφαρμογές γραφείου (Office). Ιδανική  επιλογή για εσάς που αναζητάτε την χρυσή τομή ανάμεσα στην απόδοση και  το κόστος:</p><ul type=\"disc\"><li>Ιδανικο για όλες τις <strong>βασικές εφαρμογές γραφείου </strong>καθώς και για δημιουργία back up ασφαλείας. </li><li>Κατάλληλο για   ενασχόληση με <strong>internet</strong> <strong>&amp; multimedia </strong>εφαρμογές.  </li><li>Δυνατότητα   αντιγραφής CD και DVD.</li></ul>','0000-00-00 00:00:00'),
 (981314,'Logitech','Logitech 1.3 MP Webcam C300 - Κάμερα web',39,5,'1',2,'images/web_camera.jpg',3,19,'<p><strong>Έτοιμη και απλή σύνθεση σε  ελκυστική τιμή αγοράς</strong><br>  Στο Turbo-X <strong>Sphere E1250 </strong>έχετε   τη δυνατότητα να απολαύσετε όλες τις λειτουργίες που μπορεί να σας προσφέρει   ένας σύγχρονος υπολογιστής. Πρόκειται για ένα σύστημα που δίνει τη δυνατότητα σε όλη την οικογένεια  για ενημέρωση και ψυχαγωγία (Internet &amp; e-mail), και αποδίδει  ικανοποιητικά στις καθημερινές εφαρμογές γραφείου (Office). Ιδανική  επιλογή για εσάς που αναζητάτε την χρυσή τομή ανάμεσα στην απόδοση και  το κόστος:</p><ul type=\"disc\"><li>Ιδανικο για όλες τις <strong>βασικές εφαρμογές γραφείου </strong>καθώς και για δημιουργία back up ασφαλείας. </li><li>Κατάλληλο για   ενασχόληση με <strong>internet</strong> <strong>&amp; multimedia </strong>εφαρμογές.  </li><li>Δυνατότητα   αντιγραφής CD και DVD.</li></ul>','0000-00-00 00:00:00'),
 (985674,'MLS','MLS Destinator 4800 - Δέκτης αυτοκινήτου GPS με χάρτες Ελλάδας -Κύπρου & Δώρο Εγκυκλοπαίδεια Τομή',120,-4,'1',2,'images/0330241.jpg',1,3,'<p><strong>Έτοιμη και απλή σύνθεση σε  ελκυστική τιμή αγοράς</strong><br>  Στο Turbo-X <strong>Sphere E1250 </strong>έχετε   τη δυνατότητα να απολαύσετε όλες τις λειτουργίες που μπορεί να σας προσφέρει   ένας σύγχρονος υπολογιστής. Πρόκειται για ένα σύστημα που δίνει τη δυνατότητα σε όλη την οικογένεια  για ενημέρωση και ψυχαγωγία (Internet &amp; e-mail), και αποδίδει  ικανοποιητικά στις καθημερινές εφαρμογές γραφείου (Office). Ιδανική  επιλογή για εσάς που αναζητάτε την χρυσή τομή ανάμεσα στην απόδοση και  το κόστος:</p><ul type=\"disc\"><li>Ιδανικο για όλες τις <strong>βασικές εφαρμογές γραφείου </strong>καθώς και για δημιουργία back up ασφαλείας. </li><li>Κατάλληλο για   ενασχόληση με <strong>internet</strong> <strong>&amp; multimedia </strong>εφαρμογές.  </li><li>Δυνατότητα   αντιγραφής CD και DVD.</li></ul>','0000-00-00 00:00:00');
/*!40000 ALTER TABLE `product` ENABLE KEYS */;


--
-- Definition of table `productvalues`
--

DROP TABLE IF EXISTS `productvalues`;
CREATE TABLE `productvalues` (
  `prod_id` int(10) unsigned NOT NULL,
  `value_id` int(10) unsigned NOT NULL,
  PRIMARY KEY (`prod_id`,`value_id`),
  KEY `value_id` (`value_id`),
  CONSTRAINT `prod_id` FOREIGN KEY (`prod_id`) REFERENCES `product` (`serial_number`),
  CONSTRAINT `value_id` FOREIGN KEY (`value_id`) REFERENCES `values` (`id`)
) ENGINE=InnoDB DEFAULT CHARSET=utf8;

--
-- Dumping data for table `productvalues`
--

/*!40000 ALTER TABLE `productvalues` DISABLE KEYS */;
INSERT INTO `productvalues` (`prod_id`,`value_id`) VALUES 
 (361874,1),
 (361874,2),
 (361874,3),
 (361874,4),
 (361874,5),
 (361874,6),
 (361874,7),
 (361874,8),
 (361874,9),
 (361874,10),
 (361874,11),
 (361874,12),
 (361874,13),
 (361874,14),
 (361874,15),
 (361874,16),
 (276345,27),
 (347812,27),
 (429041,27),
 (805032,27),
 (276345,28),
 (347812,28),
 (429041,28),
 (805032,28),
 (276345,29),
 (347812,29),
 (429041,29),
 (805032,29),
 (276345,30),
 (347812,30),
 (429041,30),
 (805032,30),
 (264589,31),
 (276345,31),
 (308092,31),
 (347812,31),
 (429041,31),
 (568324,31),
 (805032,31),
 (276345,32),
 (347812,32),
 (429041,32),
 (805032,32),
 (276345,33),
 (347812,33),
 (429041,33),
 (805032,33),
 (264589,34),
 (276345,34),
 (308092,34),
 (347812,34),
 (429041,34),
 (568324,34),
 (805032,34),
 (276345,35),
 (347812,35),
 (429041,35),
 (805032,35),
 (276345,36),
 (347812,36),
 (429041,36),
 (805032,36),
 (276345,37),
 (347812,37),
 (429041,37),
 (805032,37),
 (276345,38),
 (347812,38),
 (429041,38),
 (805032,38),
 (276345,39),
 (347812,39),
 (429041,39),
 (805032,39),
 (276345,40),
 (347812,40),
 (429041,40),
 (805032,40),
 (276345,41),
 (347812,41),
 (429041,41),
 (805032,41),
 (276345,42),
 (347812,42),
 (429041,42),
 (805032,42),
 (276345,43),
 (347812,43),
 (429041,43),
 (805032,43),
 (264589,44),
 (308092,44),
 (568324,44),
 (264589,45),
 (308092,45),
 (568324,45),
 (264589,47),
 (308092,47),
 (568324,47),
 (264589,48),
 (308092,48),
 (568324,48),
 (264589,49),
 (308092,49),
 (568324,49),
 (264589,50),
 (308092,50),
 (568324,50),
 (264589,51),
 (308092,51),
 (568324,51),
 (264589,52),
 (308092,52),
 (568324,52),
 (391606,1793),
 (391606,1794),
 (391606,1795),
 (391606,1796),
 (391606,1797),
 (391606,1798),
 (391606,1799),
 (391606,1800),
 (391606,1801),
 (391606,1802),
 (447059,1813),
 (447059,1814),
 (447059,1815),
 (447059,1816),
 (447059,1817),
 (447059,1818),
 (447059,1819),
 (447059,1820),
 (447059,1821),
 (447059,1822),
 (447055,1823),
 (447055,1824),
 (447055,1825),
 (447055,1826),
 (447055,1827),
 (447055,1828),
 (447055,1829),
 (447055,1830),
 (447055,1831),
 (447055,1832),
 (437904,1833),
 (437904,1834),
 (437904,1835),
 (437904,1836),
 (437904,1837),
 (437904,1838),
 (437904,1839),
 (437904,1840),
 (437904,1841),
 (437904,1842),
 (437904,1843),
 (398061,1844),
 (398061,1845),
 (398061,1846),
 (398061,1847),
 (398061,1848),
 (398061,1849),
 (398061,1850),
 (398061,1851),
 (398061,1852),
 (398061,1853),
 (398061,1854),
 (290759,1855),
 (290759,1856),
 (290759,1857),
 (290759,1858),
 (290759,1859),
 (290759,1860),
 (290759,1861),
 (290759,1862),
 (290759,1863),
 (290759,1864),
 (290759,1865),
 (290759,1866),
 (290759,1867),
 (422265,1868),
 (422265,1869),
 (422265,1870),
 (422265,1871),
 (422265,1872),
 (422265,1873),
 (422265,1874),
 (422265,1875),
 (422265,1876),
 (422265,1877),
 (422265,1878),
 (422265,1879),
 (422265,1880),
 (345855,1881),
 (345855,1882),
 (345855,1883),
 (345855,1884),
 (345855,1885),
 (345855,1886),
 (345855,1887),
 (345855,1888),
 (345855,1889),
 (345855,1890),
 (345855,1891),
 (345855,1892),
 (345855,1893),
 (378689,1894),
 (378689,1895),
 (378689,1896),
 (378689,1897),
 (378689,1898),
 (378689,1899),
 (378689,1900),
 (378689,1901),
 (378689,1902),
 (378689,1903),
 (378689,1904),
 (378689,1905),
 (378689,1906),
 (404029,1955),
 (404029,1956),
 (404029,1957),
 (404029,1958),
 (404029,1959),
 (404029,1960),
 (404029,1961),
 (404029,1962),
 (399879,1963),
 (399879,1964),
 (399879,1965),
 (399879,1966),
 (399879,1967),
 (399879,1968),
 (399879,1969),
 (399879,1970),
 (399879,1971),
 (399879,1972),
 (399879,1973),
 (399879,1974),
 (399879,1975),
 (399879,1976),
 (399879,1977),
 (399879,1978),
 (437430,1979),
 (437430,1980),
 (437430,1981),
 (437430,1982),
 (437430,1983),
 (437430,1984),
 (437430,1985),
 (437430,1986),
 (405974,1987),
 (405974,1988),
 (405974,1989),
 (405974,1990),
 (405974,1991),
 (405974,1992),
 (405974,1993),
 (405974,1994),
 (405974,1995),
 (405974,1996),
 (373636,1997),
 (373636,1998),
 (373636,1999),
 (373636,2000),
 (373636,2001),
 (373636,2002),
 (373636,2003),
 (373636,2004),
 (373636,2005),
 (373636,2006),
 (443512,2007),
 (443512,2008),
 (443512,2009),
 (443512,2010),
 (443512,2011),
 (443512,2012),
 (443512,2013),
 (443512,2014),
 (443512,2015),
 (443512,2016),
 (379031,2017),
 (379031,2018),
 (379031,2019),
 (379031,2020),
 (379031,2021),
 (379031,2022),
 (182906,2023),
 (182906,2024),
 (182906,2025),
 (182906,2026),
 (182906,2027),
 (182906,2028),
 (423858,2029),
 (423858,2030),
 (423858,2031),
 (423858,2032),
 (423858,2033),
 (423858,2034),
 (378352,2047),
 (378352,2048),
 (378352,2049),
 (378352,2050),
 (378352,2051),
 (378352,2052),
 (378352,2053),
 (378352,2054),
 (378352,2055),
 (378352,2056),
 (316140,2057),
 (316140,2058),
 (316140,2059),
 (316140,2060),
 (316140,2061),
 (316140,2062),
 (316140,2063),
 (316140,2064),
 (316140,2065),
 (316140,2066),
 (436358,2067),
 (436358,2068),
 (436358,2069),
 (436358,2070),
 (436358,2071),
 (436358,2072),
 (436358,2073),
 (436358,2074),
 (436358,2075),
 (436358,2076),
 (370988,2084),
 (370988,2085),
 (370988,2086),
 (370988,2087),
 (370988,2088),
 (370988,2089),
 (370988,2090),
 (407273,2091),
 (407273,2092),
 (407273,2093),
 (407273,2094),
 (407273,2095),
 (407273,2096),
 (407273,2097),
 (111111,2108),
 (111111,2109),
 (111111,2110),
 (111111,2111),
 (111111,2112),
 (111111,2113),
 (111111,2114),
 (111111,2115),
 (111111,2116),
 (111111,2117),
 (111111,2118),
 (111111,2119),
 (111111,2120),
 (111111,2121),
 (111111,2122),
 (111111,2123),
 (111111,2124),
 (111111,2125),
 (333333,2126),
 (111111,2127),
 (111111,2128),
 (111111,2129),
 (111111,2130),
 (111111,2131),
 (111111,2132),
 (111111,2133),
 (111111,2134),
 (111111,2135),
 (111111,2136),
 (111111,2137),
 (111111,2138),
 (111111,2139),
 (111111,2140),
 (111111,2141),
 (111111,2142),
 (111111,2143),
 (111111,2144),
 (111111,2145),
 (111111,2146),
 (111111,2147),
 (111111,2148),
 (111111,2149),
 (111111,2150),
 (111111,2151),
 (111111,2152),
 (111111,2153),
 (111111,2154),
 (111111,2155),
 (111111,2156),
 (111111,2157),
 (111111,2158),
 (111111,2159),
 (111111,2160);
/*!40000 ALTER TABLE `productvalues` ENABLE KEYS */;


--
-- Definition of table `sellingproduct`
--

DROP TABLE IF EXISTS `sellingproduct`;
CREATE TABLE `sellingproduct` (
  `serial_number` int(10) unsigned NOT NULL AUTO_INCREMENT,
  `order_id` int(10) unsigned NOT NULL,
  `amount` int(10) unsigned NOT NULL,
  PRIMARY KEY (`serial_number`,`order_id`),
  KEY `FK_SellingProduct_1` (`order_id`),
  CONSTRAINT `FK_SellingProduct_1` FOREIGN KEY (`order_id`) REFERENCES `order` (`order_id`),
  CONSTRAINT `FK_SellingProduct_2` FOREIGN KEY (`serial_number`) REFERENCES `product` (`serial_number`)
) ENGINE=InnoDB AUTO_INCREMENT=678955 DEFAULT CHARSET=utf8;

--
-- Dumping data for table `sellingproduct`
--

/*!40000 ALTER TABLE `sellingproduct` DISABLE KEYS */;
INSERT INTO `sellingproduct` (`serial_number`,`order_id`,`amount`) VALUES 
 (111111,18,1),
 (127650,16,1),
 (127650,17,1),
 (147648,9,3),
 (147648,30,1234),
 (276345,11,2),
 (308092,7,1),
 (345855,28,1),
 (351314,16,1),
 (351314,17,1),
 (361874,28,2),
 (378689,17,1),
 (390760,19,20),
 (390760,20,10),
 (391606,28,2),
 (399760,13,1),
 (399760,15,1),
 (407273,28,1),
 (443512,17,5),
 (447055,17,1),
 (452658,12,2),
 (452658,13,1),
 (452658,15,2),
 (567832,28,1),
 (568324,10,3),
 (568324,32,1);
/*!40000 ALTER TABLE `sellingproduct` ENABLE KEYS */;


--
-- Definition of table `subcategcharacteristics`
--

DROP TABLE IF EXISTS `subcategcharacteristics`;
CREATE TABLE `subcategcharacteristics` (
  `subcatID` int(10) unsigned NOT NULL AUTO_INCREMENT,
  `charactID` int(10) unsigned NOT NULL,
  PRIMARY KEY (`subcatID`,`charactID`),
  KEY `FK_subcategCharacteristics_2` (`charactID`),
  CONSTRAINT `FK_subcategCharacteristics_1` FOREIGN KEY (`subcatID`) REFERENCES `subcategory` (`id`),
  CONSTRAINT `FK_subcategCharacteristics_2` FOREIGN KEY (`charactID`) REFERENCES `characteristics` (`id`)
) ENGINE=InnoDB AUTO_INCREMENT=39 DEFAULT CHARSET=utf8;

--
-- Dumping data for table `subcategcharacteristics`
--

/*!40000 ALTER TABLE `subcategcharacteristics` DISABLE KEYS */;
INSERT INTO `subcategcharacteristics` (`subcatID`,`charactID`) VALUES 
 (1,1),
 (2,1),
 (3,1),
 (4,1),
 (5,1),
 (6,1),
 (7,1),
 (8,1),
 (9,1),
 (10,1),
 (11,1),
 (12,1),
 (13,1),
 (14,1),
 (15,1),
 (16,1),
 (19,1),
 (20,1),
 (21,1),
 (22,1),
 (23,1),
 (24,1),
 (26,1),
 (27,1),
 (28,1),
 (1,2),
 (2,2),
 (3,2),
 (4,2),
 (6,2),
 (8,2),
 (10,2),
 (11,2),
 (14,2),
 (15,2),
 (16,2),
 (20,2),
 (21,2),
 (22,2),
 (23,2),
 (24,2),
 (27,2),
 (28,2),
 (1,3),
 (2,3),
 (3,3),
 (10,3),
 (11,3),
 (14,3),
 (15,3),
 (16,3),
 (20,3),
 (21,3),
 (23,3),
 (24,3),
 (27,3),
 (28,3),
 (1,4),
 (2,4),
 (6,4),
 (14,4),
 (24,4),
 (1,5),
 (2,5),
 (5,5),
 (1,6),
 (1,7),
 (2,7),
 (6,7),
 (14,7),
 (15,7),
 (27,7),
 (1,8),
 (6,8),
 (1,9),
 (2,9),
 (1,10),
 (2,10),
 (1,11),
 (2,11),
 (14,11),
 (15,11),
 (20,11),
 (24,11),
 (26,11),
 (27,11),
 (1,12),
 (2,12),
 (1,13),
 (2,13),
 (6,13),
 (23,13),
 (24,13),
 (1,14),
 (2,14),
 (6,14),
 (27,14),
 (1,15),
 (14,15),
 (22,15),
 (23,15),
 (24,15),
 (1,16),
 (3,17),
 (3,18),
 (3,19),
 (3,20),
 (3,21),
 (3,22),
 (3,23),
 (3,24),
 (3,25),
 (3,26),
 (2,27),
 (23,27),
 (24,27),
 (2,28),
 (2,29),
 (2,30),
 (2,31),
 (20,31),
 (21,31),
 (24,31),
 (27,31),
 (2,32),
 (9,32),
 (10,32),
 (12,32),
 (13,32),
 (14,32),
 (15,32),
 (16,32),
 (5,33),
 (5,34),
 (5,35),
 (5,36),
 (5,37),
 (5,38),
 (8,38),
 (5,39),
 (5,40),
 (5,41),
 (4,42),
 (4,43),
 (4,44),
 (4,45),
 (4,46),
 (4,47),
 (4,48),
 (4,49),
 (6,50),
 (6,51),
 (6,52),
 (6,53),
 (6,54),
 (6,55),
 (7,56),
 (7,57),
 (7,58),
 (7,59),
 (7,60),
 (7,61),
 (7,62),
 (8,63),
 (9,63),
 (8,64),
 (8,65),
 (8,66),
 (8,67),
 (8,68),
 (8,69),
 (9,70),
 (9,72),
 (22,72),
 (23,72),
 (24,72),
 (10,73),
 (24,73),
 (10,74),
 (10,75),
 (10,76),
 (28,76),
 (10,77),
 (10,78),
 (28,79),
 (28,80),
 (28,81),
 (11,82),
 (13,82),
 (20,82),
 (21,82),
 (22,82),
 (26,82),
 (27,82),
 (11,83),
 (11,84),
 (14,84),
 (15,84),
 (16,84),
 (19,84),
 (21,84),
 (23,84),
 (24,84),
 (11,85),
 (11,86),
 (23,86),
 (24,86),
 (11,87),
 (11,88),
 (27,88),
 (11,89),
 (12,89),
 (13,89),
 (14,89),
 (13,91),
 (14,92),
 (15,92),
 (14,93),
 (15,93),
 (15,95),
 (14,96),
 (15,96),
 (16,97),
 (16,98),
 (17,99),
 (17,100),
 (17,101),
 (17,102),
 (17,103),
 (17,104),
 (17,105),
 (17,106),
 (19,107),
 (19,108),
 (19,109),
 (20,109),
 (19,110),
 (19,111),
 (20,111),
 (20,112),
 (20,113),
 (20,114),
 (20,115),
 (20,116),
 (20,117),
 (21,117),
 (20,118),
 (21,118),
 (20,119),
 (21,119),
 (21,120),
 (21,121),
 (21,122),
 (22,123),
 (22,124),
 (22,125),
 (22,126),
 (23,127),
 (23,128),
 (23,129),
 (25,130),
 (25,131),
 (26,132),
 (26,133),
 (26,134),
 (26,135),
 (26,136),
 (26,137),
 (26,138),
 (27,139),
 (27,140),
 (27,141),
 (27,142),
 (27,143),
 (27,144),
 (27,145),
 (27,146),
 (27,147),
 (38,155),
 (36,158),
 (36,159),
 (37,160),
 (38,161);
/*!40000 ALTER TABLE `subcategcharacteristics` ENABLE KEYS */;


--
-- Definition of table `subcategory`
--

DROP TABLE IF EXISTS `subcategory`;
CREATE TABLE `subcategory` (
  `id` int(10) unsigned NOT NULL AUTO_INCREMENT,
  `cat_id` int(10) unsigned NOT NULL,
  `name` varchar(45) NOT NULL,
  PRIMARY KEY (`id`),
  KEY `cat_id` (`cat_id`),
  CONSTRAINT `cat_id` FOREIGN KEY (`cat_id`) REFERENCES `category` (`category_id`)
) ENGINE=InnoDB AUTO_INCREMENT=39 DEFAULT CHARSET=utf8;

--
-- Dumping data for table `subcategory`
--

/*!40000 ALTER TABLE `subcategory` DISABLE KEYS */;
INSERT INTO `subcategory` (`id`,`cat_id`,`name`) VALUES 
 (1,1,'Desktops'),
 (2,1,'Laptops'),
 (3,1,'PDA-GPS'),
 (4,2,'Tροφοδοτικά'),
 (5,2,'Κεντρικοί επεξεργαστές'),
 (6,2,'Μητρικές πλακέτες'),
 (7,2,'Μνήμες'),
 (8,2,'Κάρτες Γραφικών'),
 (9,2,'Κάρτες Ήχου'),
 (10,2,'Σκληροί δίσκοι'),
 (11,3,'Οθόνες'),
 (12,3,'Ποντίκια'),
 (13,3,'Πληκτρολόγια'),
 (14,3,'Εκτυπωτές'),
 (15,3,'Πολυμηχανήματα'),
 (16,3,'Σαρωτές'),
 (17,3,'Ηχεία'),
 (19,3,'Web cameras'),
 (20,4,'Βιντεοκάμερες'),
 (21,4,'Φωτογραφικές μηχανές'),
 (22,4,'Συσκεύες DVD/Video'),
 (23,4,'Βιντεοπροβολείς'),
 (24,5,'Κονσόλες'),
 (25,5,'Παιχνίδια'),
 (26,6,'Σταθερά τηλέφωνα'),
 (27,6,'Κινητά τηλέφωνα'),
 (28,2,'Συστήματα Ψύξης'),
 (36,10,'Υποκατηγορία1'),
 (37,10,'Υποκατηγορία2'),
 (38,10,'Υποκατηγορία3');
/*!40000 ALTER TABLE `subcategory` ENABLE KEYS */;


--
-- Definition of table `users`
--

DROP TABLE IF EXISTS `users`;
CREATE TABLE `users` (
  `id` int(10) unsigned NOT NULL AUTO_INCREMENT,
  `username` varchar(45) NOT NULL,
  `password` varchar(45) NOT NULL,
  `firstname` varchar(45) NOT NULL,
  `lastname` varchar(45) NOT NULL,
  `address` varchar(45) NOT NULL,
  `email` varchar(45) NOT NULL,
  `city` varchar(45) NOT NULL,
  `zip` int(10) unsigned NOT NULL,
  `phone` longtext NOT NULL,
  `mobile_phone` longtext NOT NULL,
  `isAdmin` int(10) unsigned NOT NULL,
  PRIMARY KEY (`id`)
) ENGINE=InnoDB AUTO_INCREMENT=37 DEFAULT CHARSET=utf8;

--
-- Dumping data for table `users`
--

/*!40000 ALTER TABLE `users` DISABLE KEYS */;
INSERT INTO `users` (`id`,`username`,`password`,`firstname`,`lastname`,`address`,`email`,`city`,`zip`,`phone`,`mobile_phone`,`isAdmin`) VALUES 
 (1,'eirini','eirini','Ειρήνη','Καλοκύρη','Δωδεκανήσου 73','eirini@hotmail.com','Ηράκλειο',73100,'2810220843','6942240498',0),
 (3,'valia','valia','Βάλια','Καλοκύρη','Δωδεκανήσου 73','katerina@gmail.com','Hράκλειο',73100,'2810330234','6912345678',0),
 (5,'maria','maria','Μαρία','Σεληνιωτάκη','Δωδεκανήσου 73','maria@gmail.com','Hράκλειο',23456,'2821034456','6944889550',0),
 (6,'aleka','aleka','Αλέκα','Σεληνιωτάκη','Καραϊσκάκη 3η πάροδος','aleka@gmail.com','Χανιά',73100,'2821087789','6942277392',0),
 (8,'orestis','orestis','Ορέστης','Λοϊζίδης','Καραϊσκάκη 3η πάροδος','orestis@hotmail.com','Χανιά',73100,'2810220843','6942277392',0),
 (10,'masteris','masteris','Μεγασθένης','Αστέρης','Κάτω Κατηφόρα 13','masteris@hotmail.com','Χανιά',73123,'0000000000','6977777777',0),
 (23,'kath','1','Κατερίνα','Χαριτάκη','Δωδεκανήσου 73','kath@gmail.com','Ηράκλειο',567,'0','6912345678',0),
 (25,'valia_2','2','sefsd','sgvafs','SGF','123@hotmail.com','RFH',43,'0','6912345678',0),
 (26,'thanos','thanos','Μαρία','Χαριτάκη','ασδφασγ','thanos@gmail.com','σαργφαρσ',242345265,'0','6942277392',0),
 (27,'webmaster','webmaster','Βάλια','Καλοκύρη','Καραϊσκάκη 3η πάροδος','vkalokyri@yahoo.gr','Χανιά',73100,'0','6944811845',1),
 (28,'trellitsos','valitsoulitsa','Μεγασθένης','Αστέρης','το ίδιο','vkalokyri@isc.tuc.gr','Χανιά',73100,'6944889551','6944889551',0),
 (29,'a','a','a','a','a','aas@hdhk.com','a',124343,'1234567890','6912345678',0),
 (30,'admin','admin','admin','admin','dieuthinsi','admin@gmail.com','xania',2345,'1234567890','6987654345',1),
 (31,'admin2','a','asdf','sgfas','sagf','admin2@gmail.com','svg',4344,'1234567890','6923456789',1),
 (33,'nick','nick','Νίκος','Παπαδάκης','Χανιά','nick@gmail.com','Χανιά',2345,'1234567890','6945678987',0),
 (34,'admin3','3','admin','admin','sfd','admin3@gmail.com','sadfv',34453,'1234567890','6912345678',1),
 (35,'masteris87','efkolo','Μεγασθένης','Αστέρης','Καραϊσκάκη 3η πάροδος','masteris@isc.tuc.gr','Χανιά',73100,'0','6944889667',0),
 (36,'nikos','nikos','Νίκος','Νικολάου','Νικολακοπουλου 15','asdf@isc.tuc.gr','Αθήνα',784984,'0','6999999999',0);
/*!40000 ALTER TABLE `users` ENABLE KEYS */;


--
-- Definition of table `values`
--

DROP TABLE IF EXISTS `values`;
CREATE TABLE `values` (
  `name` varchar(100) NOT NULL,
  `id` int(10) unsigned NOT NULL AUTO_INCREMENT,
  `char_id` int(10) unsigned NOT NULL,
  PRIMARY KEY (`id`),
  KEY `FK_values_1` (`char_id`),
  CONSTRAINT `FK_values_1` FOREIGN KEY (`char_id`) REFERENCES `characteristics` (`id`)
) ENGINE=InnoDB AUTO_INCREMENT=2161 DEFAULT CHARSET=utf8;

--
-- Dumping data for table `values`
--

/*!40000 ALTER TABLE `values` DISABLE KEYS */;
INSERT INTO `values` (`name`,`id`,`char_id`) VALUES 
 ('Προσωπικός Υπολογιστής',1,1),
 ('48cm x 21.5cm x42.5cm',2,2),
 ('10,9 κιλά',3,3),
 ('1 x Intel Core i5 750 / 2.66 GHz(Quad-Core)',4,4),
 ('8 MB L3 Cache',5,5),
 ('8 MB',6,6),
 ('Serial ATA (Serial ATA-300)',7,8),
 ('1 TB',8,9),
 ('DVD+-RW (+-R DL)',9,10),
 ('Δεν διατίθενται',10,11),
 ('Sapphire ATI HD4650',11,12),
 ('Kάρτα Ήχου - στερεοφωνικός ήχος',12,13),
 ('AC 120/230 V (50/60 Hz)',13,15),
 ('4 GB (εγκατάσταση) /4 GB (μέγιστη)- DDR ΙΙΙ SDRAΜ',14,7),
 ('Κάρτα δικτύου -Εthernet, Fast Ethernet, Gigabit Ethernet',15,14),
 ('Microsoft Windows 7 Home Premium Ελληνικά/Αγγλικά',16,16),
 ('Δέκτης GPS',17,1),
 ('Aυτοκίνητο',18,17),
 ('11,9 cm x 1,3 cm x 7,7cm',19,2),
 ('145 γρ.',20,3),
 ('DESTINATOR με χάρτες Ελλάδας-Κύπρου',21,18),
 ('ενσωματωμένος δέκτης SiRF i3+',22,19),
 ('USB',23,20),
 ('Απόσταση, ΕΤΑ (Εκτιμώμενος χρόνος άφιξης)',24,21),
 ('Ναι',25,22),
 ('Οδηγίες πλοήγησης, προειδοποιήσεις',26,23),
 ('Smartphone',27,1),
 ('52mm x 13mm x 107 mm',28,2),
 ('126 γρ.',29,3),
 ('Ενσωματωμένη (128ΜΒ) ,microSD',30,7),
 ('LCD display ',31,11),
 ('Quad-band ',32,14),
 ('Ιόντων λιθίου - 1500 mAh',33,31),
 ('Mαύρο',34,82),
 ('16000000',35,88),
 ('12.0 megapixels',36,139),
 ('Ναι',37,142),
 ('WCDMA (UMTS) / GSM',38,141),
 ('Ναι',39,143),
 ('Ναι',40,144),
 ('Ναι',41,145),
 ('Ναι',42,146),
 ('Ναι',43,147),
 ('Ασύρματο τηλέφωνο με αναγνώριση κλήσης σε αναμονή',44,1),
 ('Nαι',45,132),
 ('Nαι',47,133),
 ('Nαι',48,134),
 ('Nαι',49,135),
 ('Nαι',50,136),
 ('Nαι',51,137),
 ('PSTN',52,138),
 ('15 cm x 16 cm x 8,6 cm',1320,2),
 ('+3,3, +5, +12 V',1321,42),
 ('380 Watt',1322,43),
 ('8 pin Single PCI-E, 6 pin Dual PCI-E',1323,44),
 ('ATX12V 2,3/ EPS12V',1324,45),
 ('Ναι',1325,46),
 ('Ναι',1326,47),
 ('Όχι',1327,48),
 ('Ναι',1328,49),
 ('Τροφοδοτικό - εσωτερικό',1793,1),
 ('15 cm x 16 cm x 8,6 cm',1794,2),
 ('+3,3, +5, +12 V',1795,42),
 ('380 Watt',1796,43),
 ('8 pin Single PCI-E, 6 pin Dual PCI-E',1797,44),
 ('ATX12V 2,3/ EPS12V',1798,45),
 ('Ναι',1799,46),
 ('Ναι',1800,47),
 ('Όχι',1801,48),
 ('Ναι',1802,49),
 ('Τροφοδοτικό - εσωτερικό',1803,1),
 ('15 cm x 14 cm x 8,6 cm',1804,2),
 ('+3,3, +5, +-12 V',1805,42),
 ('500Watt',1806,43),
 ('4 PIN internal power, 4 PIN mini-power connector, 15 pin Serial ATA power, 6 pin PCI Express power',1807,44),
 ('ATX12V 2.2',1808,45),
 ('Όχι',1809,46),
 ('Όχι',1810,47),
 ('Όχι',1811,48),
 ('Όχι',1812,49),
 ('Τροφοδοτικό - εσωτερικό',1813,1),
 ('15 cm x 14 cm x 8,6 cm',1814,2),
 ('+3,3, +5, +-12 V',1815,42),
 ('500Watt',1816,43),
 ('4 PIN internal power, 4 PIN mini-power connector, 15 pin Serial ATA power, 6 pin PCI Express power',1817,44),
 ('ATX12V 2.2',1818,45),
 ('Όχι',1819,46),
 ('Όχι',1820,47),
 ('Όχι',1821,48),
 ('Όχι',1822,49),
 ('Τροφοδοτικό - Ενεργή διόρθωση του συντελεστή ισχύος (PFC) - εσωτερικό',1823,1),
 ('15 cm x 16 cm x 8,6 cm',1824,2),
 ('+3,3, +5, +12 V',1825,42),
 ('-',1826,43),
 ('-',1827,44),
 ('-',1828,45),
 ('-',1829,46),
 ('-',1830,47),
 ('-',1831,48),
 ('-',1832,49),
 ('Επεξεργαστής',1833,1),
 ('L2 - 2 x 256 KB - L3 4 MB',1834,5),
 ('Intel Core i3 540',1835,33),
 ('Dual-Core (διπλού πυρήνα)',1836,34),
 ('Ναι',1837,35),
 ('LGA1156 Socket',1838,36),
 ('1',1839,37),
 ('3.06 GHz',1840,38),
 ('-',1841,39),
 ('32 nm',1842,40),
 ('1 x processor - LGA1156 Socket',1843,41),
 ('Επεξεργαστής',1844,1),
 ('L2 - 4 x 512 KB - L3 6 MB',1845,5),
 ('AMD Phenom II X4 955',1846,33),
 ('Quad-Core (τετραπλού πυρήνα)',1847,34),
 ('Ναι',1848,35),
 ('Socket AM3',1849,36),
 ('1',1850,37),
 ('3,2 GHz',1851,38),
 ('-',1852,39),
 ('45 nm',1853,40),
 ('1 x processor - Socket AM3',1854,41),
 ('Μητρική κάρτα',1855,1),
 ('30,5 cm x 24,4 cm',1856,2),
 ('0 ( 1 ) - Socket AM2+',1857,4),
 ('0 MB (εγκατεστημένη) / 16 GB (μέγιστη)',1858,7),
 ('ATA-133, Serial ATA-300 (RAID), θύρα eSATA',1859,8),
 ('Κάρτα ήχου - Ήχος surround 7.1 καναλιών',1860,13),
 ('Κάρτα δικτύου - Realtek RTL8111B - Ethernet, Fast Ethernet, Gigabit Ethernet',1861,14),
 ('-',1862,50),
 ('AMD 790FX / ATI SB600',1863,51),
 ('Dual-Core (διπλού πυρήνα)',1864,52),
 ('Athlon 64, Sempron, Athlon 64 FX, Athlon 64 X2, Opteron 1000 series, Phenom, Phenom FX',1865,53),
 ('10 θύρες USB',1866,54),
 ('1 x ATA, 6 x SATA, 2 x eSATA',1867,55),
 ('Μητρική κάρτα',1868,1),
 ('30,5 cm x 19 cm',1869,2),
 ('0 ( 1 ) - LGA1156 Socket',1870,4),
 ('-',1871,7),
 ('Serial ATA-300 (RAID)',1872,8),
 ('Κάρτα ήχου',1873,13),
 ('Network adapter - Realtek RTL8111D - Ethernet, Fast Ethernet, Gigabit Ethernet',1874,14),
 ('-',1875,50),
 ('Intel P55 Express',1876,51),
 ('Quad-Core (τετραπλού πυρήνα)',1877,52),
 ('Core i5, Core i7',1878,53),
 ('14 x USB',1879,54),
 ('8 x SATA',1880,55),
 ('Μητρική κάρτα',1881,1),
 ('30,5 cm x 24,4 cm',1882,2),
 ('0 ( 1 ) - LGA775 Socket',1883,4),
 ('0 MB (εγκατεστημένη) / 16 GB (μέγιστη)',1884,7),
 ('ATA-133, Serial ATA-300 (RAID)',1885,8),
 ('Κάρτα ήχου - Ήχος surround 7.1 καναλιών',1886,13),
 ('Κάρτα δικτύου - 4 x Realtek RTL8111C - Ethernet, Fast Ethernet, Gigabit Ethernet',1887,14),
 ('-',1888,50),
 ('Intel P45 Express / Intel ICH10R',1889,51),
 ('Dual-Core (διπλού πυρήνα) / Quad-core (τετραπλού πυρήνα)',1890,52),
 ('Core 2 Duo, Core 2 Extreme, Core 2 Quad, Pentium Dual Core, Celeron 400 sequence, Celeron Dual Core',1891,53),
 ('12 x USB',1892,54),
 ('1 x ATA, 6 x SATA',1893,55),
 ('Μητρική κάρτα',1894,1),
 ('30,5 cm x 24,5 cm',1895,2),
 ('0 ( 1 ) - LGA1366 Socket',1896,4),
 ('0 MB (installed) / 12 GB (max)',1897,7),
 ('Serial ATA-300 (RAID), Serial Attached SCSI (RAID), eSATA (RAID)',1898,8),
 ('	  Κάρτα ήχου - Ήχος surround 7.1 καναλιών',1899,13),
 ('Κάρτα δικτύου - 2 x Realtek RTL8111C - Ethernet, Fast Ethernet, Gigabit Ethernet',1900,14),
 ('-',1901,50),
 ('Intel X58 Express / Intel ICH10R',1902,51),
 ('Quad-Core (τετραπλού πυρήνα)',1903,52),
 ('Core i7 Extreme Edition, Core i7',1904,53),
 ('12 x USB',1905,54),
 ('6 x SATA, 2 x eSATA',1906,55),
 ('Γενικής χρήσης',1907,1),
 ('SODIMM 240-pin',1908,56),
 ('2 x 2 GB         ',1909,57),
 ('2 GB',1910,58),
 ('1333 MHz ( PC3-10600 )',1911,59),
 ('PC2 6400',1912,60),
 ('1,5 V',1913,61),
 ('-',1914,62),
 ('Γενικής χρήσης',1915,1),
 ('SODIMM 240-pin',1916,56),
 ('2 x 2 GB         ',1917,57),
 ('2 GB',1918,58),
 ('667 MHz ( PC2-5300 )',1919,59),
 ('PC2 6400',1920,60),
 ('1,8 V',1921,61),
 ('CL5',1922,62),
 ('Γενικής χρήσης',1923,1),
 ('SODIMM 240-pin',1924,56),
 ('2 x 2 GB         ',1925,57),
 ('2 GB',1926,58),
 ('667 MHz ( PC2-5300 )',1927,59),
 ('PC2 6400',1928,60),
 ('1,8 V',1929,61),
 ('CL5',1930,62),
 ('Γενικής χρήσης',1931,1),
 ('SODIMM 240-pin',1932,56),
 ('2 x 2 GB         ',1933,57),
 ('2 GB',1934,58),
 ('667 MHz ( PC2-5300 )',1935,59),
 ('PC2 6400',1936,60),
 ('1,8 V',1937,61),
 ('CL5',1938,62),
 ('Γενικής χρήσης',1939,1),
 ('SODIMM 240-pin',1940,56),
 ('2 x 2 GB         ',1941,57),
 ('2 GB',1942,58),
 ('667 MHz ( PC2-5300 )',1943,59),
 ('PC2 6400',1944,60),
 ('1,8 V',1945,61),
 ('CL5',1946,62),
 ('Γενικής χρήσης',1947,1),
 ('SODIMM 240-pin',1948,56),
 ('2 x 2 GB         ',1949,57),
 ('2 GB',1950,58),
 ('667 MHz ( PC2-5300 )',1951,59),
 ('PC2 6400',1952,60),
 ('1,8 V',1953,61),
 ('CL5',1954,62),
 ('Γενικής χρήσης',1955,1),
 ('SODIMM 240-pin',1956,56),
 ('2 x 2 GB         ',1957,57),
 ('2 GB',1958,58),
 ('667 MHz ( PC2-5300 )',1959,59),
 ('PC2 6400',1960,60),
 ('1,8 V',1961,61),
 ('CL5',1962,62),
 ('Γενικής χρήσης',1963,1),
 ('SODIMM 240-pin',1964,56),
 ('2 x 2 GB         ',1965,57),
 ('2 GB',1966,58),
 ('667 MHz ( PC2-5300 )',1967,59),
 ('PC2 6400',1968,60),
 ('1,8 V',1969,61),
 ('CL5',1970,62),
 ('Γενικής χρήσης',1971,1),
 ('SODIMM 240-pin',1972,56),
 ('2 x 2 GB         ',1973,57),
 ('2 GB',1974,58),
 ('800 MHz ( PC2-6400 )',1975,59),
 ('PC2 6400',1976,60),
 ('1,8 V',1977,61),
 ('CL5',1978,62),
 ('Γενικής χρήσης',1979,1),
 ('SODIMM 240-pin',1980,56),
 ('2 x 2 GB         ',1981,57),
 ('4 GB',1982,58),
 ('DDR3-1333',1983,59),
 ('PC3 10666',1984,60),
 ('1,35 V',1985,61),
 ('7-7-7-21-2N ',1986,62),
 ('Κάρτα γραφικών',1987,1),
 ('-',1988,2),
 ('850 MHz',1989,38),
 ('PCI Express 2.0 x16',1990,63),
 ('NVIDIA GeForce 9800 GT',1991,64),
 ('DirectX 10, OpenGL 2.1',1992,65),
 ('1 GB - GDDR3 SDRAM',1993,66),
 ('Όχι',1994,67),
 ('Ναι',1995,68),
 ('-',1996,69),
 ('Κάρτα γραφικών',1997,1),
 ('-',1998,2),
 ('648 MHz',1999,38),
 ('PCI Express 2.0 x16',2000,63),
 ('NVIDIA GeForce GTX 285',2001,64),
 ('DirectX 10, OpenGL 2.1',2002,65),
 ('1024 MB - GDDR3 SDRAM',2003,66),
 ('Έξοδος HDTV',2004,67),
 ('Ναι',2005,68),
 ('-',2006,69),
 ('Κάρτα γραφικών',2007,1),
 ('-',2008,2),
 ('400 MHz',2009,38),
 ('PCI Express 2.1 x16',2010,63),
 ('ATI Radeon HD 5750',2011,64),
 ('DirectX 11, OpenCL, OpenGL 3.2',2012,65),
 ('1 GB - GDDR5 SDRAM',2013,66),
 ('-',2014,67),
 ('Ναι',2015,68),
 ('3',2016,69),
 ('Κάρτα ήχου',2017,1),
 ('Microsoft Windows Vista',2018,32),
 ('PCI',2019,63),
 ('48 kHz (μέγιστη)',2020,70),
 ('-',2021,71),
 ('Ήχος surround 5.1 καναλιών',2022,72),
 ('Κάρτα ήχου',2023,1),
 ('Microsoft Windows XP SP1, Microsoft Windows 2000 SP4, Microsoft Windows XP Professional x64 Edition',2024,32),
 ('PCI',2025,63),
 ('8 kHz (ελάχιστη) - 96 kHz (μέγιστη)',2026,70),
 ('-',2027,71),
 ('Ήχος surround 7.1 καναλιών',2028,72),
 ('Κάρτα ήχου',2029,1),
 ('Microsoft Windows XP SP2, Microsoft Windows XP Professional x64 Edition, Microsoft Windows Vista',2030,32),
 ('USB',2031,63),
 ('48 kHz (μέγιστη)',2032,70),
 ('-',2033,71),
 ('Στερεοφωνικός',2034,72),
 ('Σκληρός δίσκος - εξωτερικός',2047,1),
 ('8 cm x 13 cm x 1.3 cm',2048,2),
 ('160 γρ.',2049,3),
 ('Microsoft Windows XP Professional SP2, Microsoft Windows XP Home Edition SP2',2050,32),
 ('USB υψηλής ταχύτητας',2051,73),
 ('320 GB',2052,74),
 ('2,5\"',2053,75),
 ('5400 rpm',2054,76),
 ('480 Mbps',2055,77),
 ('Όχι',2056,78),
 ('Σκληρός δίσκος - εσωτερικός',2057,1),
 ('10,2 cm x 14,7 cm x 2,54 cm',2058,2),
 ('0,63 κιλά',2059,3),
 ('-',2060,32),
 ('Serial ATA-300',2061,73),
 ('640 GB',2062,74),
 ('3,5\" x 1/3H',2063,75),
 ('7200 rpm',2064,76),
 ('300 Mbps',2065,77),
 ('Όχι',2066,78),
 ('Σκληρός δίσκος - εξωτερικός',2067,1),
 ('13.5 cm x 16.5 cm x 4.8 cm',2068,2),
 ('1.18 kg',2069,3),
 ('Microsoft Windows XP, Microsoft Windows 7, Apple MacOS X 10.4',2070,32),
 ('USB υψηλής ταχύτητας',2071,73),
 ('2 TB',2072,74),
 ('-',2073,75),
 ('5400 rpm',2074,76),
 ('480 Mbps',2075,77),
 ('Όχι',2076,78),
 ('Μονάδα ανεμιστήρα - 120 mm',2084,1),
 ('120 mm x 120 mm x 25 mm',2085,2),
 ('380 gr',2086,3),
 ('2300 rpm (±10%)',2087,76),
 ('-',2088,79),
 ('8 cm',2089,80),
 ('24.4 dB',2090,81),
 ('Ψύκτρα επεξεργαστή',2091,1),
 ('236,5 x 129,6 x 161,3mm',2092,2),
 ('1,2 κιλά',2093,3),
 ('800 έως 2400 rpm',2094,76),
 ('754,940,1366,AM2+,AM3',2095,79),
 ('120mm',2096,80),
 ('17dBA',2097,81),
 ('-',2108,158),
 ('-',2109,159),
 ('-',2110,1),
 ('-',2111,2),
 ('-',2112,3),
 ('-',2113,4),
 ('-',2114,5),
 ('-',2115,6),
 ('-',2116,7),
 ('-',2117,8),
 ('-',2118,9),
 ('-',2119,10),
 ('-',2120,11),
 ('-',2121,12),
 ('-',2122,13),
 ('-',2123,14),
 ('-',2124,15),
 ('-',2125,16),
 ('-',2126,160),
 ('-',2127,158),
 ('-',2128,159),
 ('-',2129,1),
 ('-',2130,2),
 ('-',2131,3),
 ('-',2132,4),
 ('-',2133,5),
 ('-',2134,6),
 ('-',2135,7),
 ('-',2136,8),
 ('-',2137,9),
 ('-',2138,10),
 ('-',2139,11),
 ('-',2140,12),
 ('-',2141,13),
 ('-',2142,14),
 ('-',2143,15),
 ('-',2144,16),
 ('-',2145,1),
 ('-',2146,2),
 ('-',2147,3),
 ('-',2148,4),
 ('-',2149,5),
 ('-',2150,6),
 ('-',2151,7),
 ('-',2152,8),
 ('-',2153,9),
 ('-',2154,10),
 ('-',2155,11),
 ('-',2156,12),
 ('-',2157,13),
 ('-',2158,14),
 ('-',2159,15),
 ('-',2160,16);
/*!40000 ALTER TABLE `values` ENABLE KEYS */;


--
-- Definition of procedure `new_user`
--

DROP PROCEDURE IF EXISTS `new_user`;

DELIMITER $$

/*!50003 SET @TEMP_SQL_MODE=@@SQL_MODE, SQL_MODE='STRICT_TRANS_TABLES,NO_AUTO_CREATE_USER,NO_ENGINE_SUBSTITUTION' */ $$
CREATE DEFINER=`root`@`localhost` PROCEDURE `new_user`(in username varchar(25),in password varchar(25),in firstname varchar(25),in lastname varchar(25),in address varchar(25),in email varchar(25),in city varchar(25),in zip int,in phone longtext)
BEGIN

insert into `users` (`username`,`password`,`firstname`,`lastname`,`address`,`email`,`city`,`zip`,`phone`) values
 (username,password,firstname,lastname,address,email,city,zip,phone);

END $$
/*!50003 SET SESSION SQL_MODE=@TEMP_SQL_MODE */  $$

DELIMITER ;

--
-- Definition of procedure `test`
--

DROP PROCEDURE IF EXISTS `test`;

DELIMITER $$

/*!50003 SET @TEMP_SQL_MODE=@@SQL_MODE, SQL_MODE='STRICT_TRANS_TABLES,NO_AUTO_CREATE_USER,NO_ENGINE_SUBSTITUTION' */ $$
CREATE DEFINER=`root`@`localhost` PROCEDURE `test`(in SN int)
BEGIN


select tbl1.name, tbl2.name from
(select name, id from characteristics,subcategcharacteristics,product where serial_number=SN and subcat_id=subcatID and charactID=id) as tbl1
LEFT JOIN (select name, char_id from `values`,productvalues where prod_id=SN and value_id=id) as tbl2
ON tbl1.id = tbl2.char_id;

END $$
/*!50003 SET SESSION SQL_MODE=@TEMP_SQL_MODE */  $$

DELIMITER ;



/*!40101 SET SQL_MODE=@OLD_SQL_MODE */;
/*!40014 SET FOREIGN_KEY_CHECKS=@OLD_FOREIGN_KEY_CHECKS */;
/*!40014 SET UNIQUE_CHECKS=@OLD_UNIQUE_CHECKS */;
/*!40101 SET CHARACTER_SET_CLIENT=@OLD_CHARACTER_SET_CLIENT */;
/*!40101 SET CHARACTER_SET_RESULTS=@OLD_CHARACTER_SET_RESULTS */;
/*!40101 SET COLLATION_CONNECTION=@OLD_COLLATION_CONNECTION */;
/*!40101 SET CHARACTER_SET_CLIENT=@OLD_CHARACTER_SET_CLIENT */;
